Symbol,Description
A,Agilent Technologies
AA,Alcoa Corp
AAC,Ares Acquisition Corp Cl A
AAIC,Arlington Asset Investment Corp
AAIN,Arlington Asset Investment Corp 6.000%
AAN,Aarons Holdings Company
AAP,Advance Auto Parts Inc
AAQC,Accelerate Acquisition Corp Cl A
AAT,American Assets Trust
AB,Alliancebernstein Holding LP
ABB,Abb Ltd ADR
ABBV,Abbvie Inc
ABC,Amerisourcebergen Corp
ABEV,Ambev S.A. ADR
ABG,Asbury Automotive Group Inc
ABM,ABM Industries Inc
ABR,Arbor Realty Trust
ABT,Abbott Laboratories
AC,Associated Capital Group Inc
ACA,Arcosa Inc
ACAQ,Athena Consumer Acquisition Corp Cl A
ACC,American Campus Communities Inc
ACCO,Acco Brands Corp
ACDI,Ascendant Digital Acquisition III Cl A
ACEL,Accel Entertainment Inc
ACH,Aluminum Corp of China Ltd ADR
ACHR,Archer Aviation Inc
ACI,Albertsons Companies Inc Cl A
ACII,Atlas Crest Investment Corp II Cl A
ACM,Aecom Technology Corp
ACN,Accenture Plc
ACP,Abrnd Income Credit Strategies Fund
ACR,Acres Commercial Realty Corp
ACRE,Ares Commercial Real Estate Cor
ACRO,Acropolis Infrastructure Acquisition Corp Cl A
ACV,Allianzgi Diversified Income &
ADC,Agree Realty Corp
ADCT,Adc Therapeutics Sa
ADEX,Adit Edtech Acquisition Corp
ADM,Archer Daniels Midland
ADNT,Adient Plc
ADT,ADT Inc
ADX,Adams Diversified Equity Fund
AEE,Ameren Corp
AEFC,Aegon Funding Company Llc 5.10%
AEG,Aegon N.V. ADR
AEL,American Equity Investment Life
AEM,Agnico-Eagle Mines Ltd
AENZ,Aenza S.A.A. ADR
AEO,American Eagle Outfitters
AER,Aercap Holdings N.V.
AES,The Aes Corp
AESC,Aes Corp
AEVA,Aeva Technologies Inc
AFB,Alliance National Municipal
AFG,American Financial Group
AFGB,American Financial Group Inc 5.875%
AFGC,American Financial Group Inc 5.125%
AFGD,American Financial Group Inc 5.625%
AFGE,American Financial Group Inc 4.500%
AFL,Aflac Inc
AFT,Apollo Senior Floating Rate Fund Inc
AFTR,Afternext Healthtech Acquisition Corp Cl A
AG,First Majestic Silver
AGAC,African Gold Acquisition Corp Cl A
AGCB,Altimeter Growth Corp 2 Cl A
AGCO,Agco Corp
AGD,Abrdn Global Dynamic Dividend Fund
AGI,Alamos Gold Inc
AGL,Agilon Health Inc
AGM,Federal Agricultural Mortgage Corp
AGO,Assured Guaranty Ltd
AGR,Avangrid Inc
AGRO,Adecoagro S.A.
AGS,Playags Inc
AGTI,Agiliti Inc
AGX,Argan Inc
AHH,Armada Hoffler Properties Inc
AHT,Ashford Hospitality Trust Inc
AI,C3.Ai Inc Cl A
AIC,Arlington Asset Investment Cor
AIF,Apollo Tactical Income Fund Inc
AIG,American International Group
AIN,Albany International Corp
AIO,Virtus Artificial Intel & Tech Opp
AIR,AAR Corp
AIRC,Apartment Income REIT Corp
AIT,Applied Industrial Technologies
AIU,Meta Data Ltd ADR
AIV,Apartment Investment and Management
AIZ,Assurant Inc
AIZN,Assurant Inc 5.25% Subordinated Notes Due 2061
AJG,Arthur J. Gallagher & Company
AJRD,Aerojet Rocketdyne Holdings
AJX,Great Ajax Corp
AJXA,Great Ajax Corp 7.25% Convertible Senior Notes
AKA,A.K.A. Brands Holding Corp
AKR,Acadia Realty Trust
AL,Air Lease Corp Cl A
ALB,Albemarle Corp
ALC,Alcon Inc
ALCC,Altc Acquisition Corp Cl A
ALE,Allete Inc
ALEX,Alexander and Baldwin Inc
ALG,Alamo Group
ALIT,Alight Inc Cl A
ALK,Alaska Air Group
ALL,Allstate Corp
ALLE,Allegion Plc
ALLG,Allego N.V.
ALLY,Ally Financial
ALSN,Allison Transmission Holdings
ALTG,Alta Equipment Group Inc
ALV,Autoliv Inc
ALX,Alexander's Inc
AM,Antero Midstream Corp
AMAM,Ambrx Biopharma Inc ADR
AMBC,Ambac Financial Group
AMBP,Ardagh Metal Packaging S.A.
AMC,Amc Entertainment Holdings Inc
AMCR,Amcor Plc
AME,Ametek Inc
AMG,Affiliated Managers Group
AMH,American Homes 4 Rent
AMK,Assetmark Financial Holdings Inc
AMN,Amn Healthcare Services Inc
AMOV,America Movil A ADR
AMP,Ameriprise Financial Services
AMPI,Advanced Merger Partners Inc Cl A
AMPS,Altus Power Inc
AMPY,Amplify Energy Corp
AMR,Alpha Metallurgical Resources Inc
AMRC,Ameresco Inc
AMRX,Amneal Pharmaceuticals Inc
AMT,American Tower Corp
AMTD,Amtd Idea Group
AMWL,American Well Corp Cl A
AMX,America Movil S.A.B. DE C.V. ADR
AN,Autonation Inc
ANAC,Arctos Northstar Acquisition Corp Cl A
ANET,Arista Networks Inc
ANF,Abercrombie & Fitch Company
ANVS,Annovis Bio Inc
AOD,Aberdeen Total Dynamic Dividend Fund
AOMR,Angel Oak Mortgage Inc
AON,AON Plc
AORT,Artivion Inc
AOS,Smith A.O. Corp
AP,Ampco-Pittsburgh Corp
APAM,Artisan Partners Asset Mgmt
APCA,Ap Acquisition Corp Cl A
APD,Air Products and Chemicals
APE,Amc Entertainment Holdings Prfd
APG,Api Group Corp
APGB,Apollo Strategic Growth Capital II Cl A
APH,Amphenol Corp
APLE,Apple Hospitality REIT Inc
APN,Apeiron Capital Investment Corp Cl A
APO,Apollo Asset Management Inc
APRN,Blue Apron Holdings Inc
APTV,Aptiv Plc
AQN,Algonquin Pwr & Util
AQNA,Algonquin Power & Utilities Corp
AQNB,Algonquin Power & Utilities Corp 6.20% Fixed-To
AQNU,Algonquin Power & Utilities Corp
AQUA,Evoqua Water Technologies Corp
AR,Antero Resources Corp
ARC,American Reprographics Company
ARCH,Arch Resources Inc
ARCO,Arcos Dorados Holdings Inc
ARDC,Ares Dynamic Credit Allocation
ARE,Alexandria Real Estate Equities
ARES,Ares Management LP
ARGD,Argo Grp Itl Snr NTS
ARGO,Argo Group Intl Hlds
ARI,Apollo Commercial Real Estate
ARIS,Aris Water Solutions Inc Cl A
ARL,American Realty Investors
ARLO,Arlo Technologies Inc
ARMK,Aramark Holdings Corp
ARNC,Arconic Corp
AROC,Archrock Inc
ARR,Armour Residential R
ARW,Arrow Electronics
ASA,ASA Gold and Precious Metals
ASAI,Sendas Distribuidora S.A. ADR
ASAN,Asana Inc Cl A
ASAQ,Atlantic Street Acquisition Corp Cl A
ASB,Associated Banc-Corp
ASC,Ardmore Shipping Corp
ASG,Liberty All-Star Growth Fund
ASGI,Aberdeen Standard Global Infrastructure
ASGN,On Assignment
ASH,Ashland Inc
ASIX,Advansix Inc
ASPN,Aspen Aerogels Inc
ASR,Grupo Aeroportuario Del Sureste ADR
ASX,Ase Industrial Holding Co. Ltd ADR
ASZ,Austerlitz Acquisition Corp II Cl A
ATA,Americas Technology Acquisition Corp
ATAQ,Altimar Acquisition Corp III Cl A
ATC,Atotech Ltd
ATCO,Atlas Corp
ATEK,Athena Technology Acquisition Corp II Cl A
ATEN,A10 Networks Inc
ATGE,Adtalem Global Education Inc
ATHM,Autohome Inc ADR
ATI,Ati Inc
ATIP,Ati Physical Therapy Inc
ATKR,Atkore Inc
ATO,Atmos Energy Corp
ATR,Aptargroup
ATTO,Atento S.A.
ATUS,Altice USA Inc Cl A
AU,Anglogold Ashanti Ltd ADR
AUD,Audacy Inc
AUS,Austerlitz Acquisition Corp I Cl A
AUY,Yamana Gold
AVA,Avista Corp
AVAL,Grupo Aval Acciones Y Valores S ADR
AVAN,Avanti Acquisition Corp Cl A
AVB,Avalonbay Communities
AVD,American Vanguard Corp
AVK,Advent Claymore Convertible Securities
AVLR,Avalara Inc
AVNS,Avanos Medical Inc
AVNT,Avient Corp
AVTR,Avantor Inc
AVY,Avery Dennison Corp
AVYA,Avaya Holdings Corp
AWF,Alliancebernstein Global High Income Fund
AWI,Armstrong World Industries Inc
AWK,American Water Works
AWP,Abrdn Global Premier Properties Fund
AWR,American States Water Company
AX,Axos Financial Inc
AXAC,Axios Sustainable Growth Acquisition Corp
AXH,Industrial Human Capital Inc
AXL,American Axle & Manufacturing
AXP,American Express Company
AXR,Amrep Corp
AXS,Axis Capital Holdings
AXTA,Axalta Coating Systems Ltd
AYI,Acuity Brands Inc
AYX,Alteryx Inc
AZEK,The Azek Company Cl A
AZO,Autozone
AZRE,Azure Power Global Ltd
AZUL,Azul S.A. ADR
AZZ,Azz Inc
B,Barnes Group
BA,Boeing Company
BABA,Alibaba Group Holding ADR
BAC,Bank of America Corp
BACA,Berenson Acquisition Corp I Cl A
BAH,Booz Allen Hamilton Holding Corp
BAK,Braskem S.A. ADR
BALL,Ball Corporation
BALY,Bally's Corp
BAM,Brookfield Asset Management Inc
BAMH,Brookfield Finance Inc 4.625% Subordinated Notes
BAMI,Brookfield Finance Inc 4.50%
BAMR,Brookfield Asset Management Reinsurance Partners
BANC,First Pactrust Bancorp
BAP,Credicorp Ltd
BARK,The Original Bark CO
BAX,Baxter International Inc
BB,Blackberry Ltd
BBAI,Bigbear.Ai Holdings Inc
BBAR,Bbva Banco Frances S.A.
BBD,Banco Bradesco S.A. ADR
BBDC,Barings Bdc Inc
BBDO,Banco Bradesco S.A. ADR
BBLN,Babylon Hldgs Ltd
BBN,Balckrock Build America Trust
BBU,Brookfield Business Partners LP
BBUC,Brookfield Business Corp
BBVA,Banco Bilbao Viscaya Argentaria S.A. ADR
BBW,Build-A-Bear Workshop
BBWI,Bath & Body Works Inc
BBY,Best Buy Company
BC,Brunswick Corp
BCAT,Blackrock Capital Allocation Trust
BCC,Boise Cascade L.L.C.
BCE,BCE Inc
BCH,Banco DE Chile ADR
BCO,Brink's Company
BCS,Barclays Plc ADR
BCSF,Bain Capital Specialty Finance Inc
BCX,Blackrock Resources
BDC,Belden Inc
BDJ,Blackrock Enhanced Dividend Achievers
BDN,Brandywine Realty Trust
BDX,Becton Dickinson and Company
BDXB,Becton Dickinson & Co.
BE,Bloom Energy Corp Cl A
BEDU,Bright Scholar Education Holdings Ltd ADR
BEKE,Ke Holdings Inc ADR
BEN,Franklin Resources
BEP,Brookfield Renewable
BEPC,Brookfield Renewable Corp
BEPH,Brookfield Brp Holdings [Canada]
BEPI,Brookfield Brp Holdings [Canada] Inc 4.875%
BERY,Berry Global Group
BEST,Best Inc ADR
BFAC,Battery Future Acquisition Corp Cl A
BFAM,Bright Horizons Family Solutions Inc
BFH,Bread Financial Hldgs Inc
BFK,Blackrock Muni Income Trust
BFLY,Butterfly Network Inc
BFS,Saul Centers
BFZ,Blackrock California Muni Trust
BG,Bunge Ltd
BGB,Blackstone / Gso Strategic Cre
BGH,Babson Capital Global Short Du
BGR,Blackrock Energy and Resources Trust
BGS,B&G Foods Holdings
BGSF,Bgsf Inc
BGSX,Build Acquisition Corp Cl A
BGT,Blackrock Global
BGX,Blackstone Long-Short Credit Income Fund
BGY,Blackrock International
BH,Biglari Holdings Inc
BHC,Bausch Health Companies Inc
BHE,Benchmark Electronics
BHG,Bright Health Group Inc
BHIL,Benson Hill Inc
BHK,Blackrock Core Trust
BHLB,Berkshire Hills Bancorp
BHP,Bhp Billiton Ltd ADR
BHR,Braemar Hotels & Resorts Inc
BHV,Blackrock Virginia Muni Trust
BHVN,Biohaven Pharmaceutical Holding Ltd
BIG,Big Lots
BIGZ,Blackrock Innovation and Growth Trust
BILL,Bill.com Holdings Inc
BIO,Bio-Rad Laboratories
BIP,Brookfield Infrastructure Partners LP
BIPC,Brookfield Infrastructure Partners LP Cl A
BIPH,Brookfield Infrastructure Corp 5.000%
BIPI,Bip Bermuda Holdings I 5.125% Perpetual
BIT,Blackrock Multi-Sector Income T
BITE,Bite Acquisition Corp
BJ,Bj's Wholesale Club Holdings Inc
BK,Bank of New York Mellon Corp
BKD,Brookdale Senior Living Inc
BKE,Buckle Inc
BKH,Black Hills Corp
BKI,Black Knight Inc
BKKT,Bakkt Hldgs Inc
BKN,Blackrock Investment Quality Municipal
BKSY,Blacksky Technology Inc
BKT,Blackrock Income Trust Inc
BKU,BankUnited Inc
BLCO,Bausch & Lomb Corp
BLD,Topbuild Corp
BLDR,Builders Firstsource
BLE,Blackrock Muni Income Trust II
BLK,Blackrock Inc
BLND,Blend Labs Inc Cl A
BLUA,Blueriver Acquisition Corp Cl A
BLW,Blackrock Ltd Duration Income Trust
BLX,Banco Latinoamericano DE Comercio
BMA,Banco Macro S.A. ADR
BMAC,Black Mountain Acquisition Corp Cl A
BME,Blackrock Health Sciences Trust
BMEZ,Blackrock Health Sciences Trust II
BMI,Badger Meter
BMO,Bank of Montreal
BMY,Bristol-Myers Squibb Company
BNED,Barnes & Noble Education Inc C
BNL,Broadstone Net Lease Inc Cl A
BNS,Bank of Nova Scotia
BNY,Blackrock New York Muni Trust Inc
BOAC,Bluescape Opportunities Acquisition Cl A
BOAS,Boa Acquisition Corp Cl A
BOC,Boston Omaha Corp Cl A
BODY,The Beachbody Company Inc Cl A
BOE,Blackrock Global
BOH,Bank of Hawaii Corp
BOOT,Boot Barn Holdings Inc
BORR,Borr Drilling Ltd
BOWL,Bowlero Corp Cl A
BOX,Box Inc
BOXD,Boxed Inc
BP,BP Plc ADR
BPT,BP Prudhoe Bay Royalty Trust
BQ,Boqii Holding Ltd ADR
BR,Broadridge Financial Solutions Llc
BRBR,Bellring Brands Inc Cl A
BRC,Brady Corp
BRCC,Brc Inc Cl A
BRD,Beard Energy Transition Acquisition Corp Cl A
BRDG,Bridge Investment Group Holdings Inc Cl A
BRDS,Bird Global Inc Cl A
BRFS,Brf-Brasil Foods S.A. ADR
BRMK,Broadmark Realty Capital Inc
BRO,Brown & Brown
BROS,Dutch Bros Inc Cl A
BRSP,Brightspire Capital Inc
BRT,BRT Realty Trust
BRW,Saba Capital Income & Opportunities Fund
BRX,Brixmor Property Group Inc
BSAC,Banco Santander Chile ADR
BSAQ,Black Spade Acquisition Co. Cl A
BSBR,Banco Santander Brasil S.A. ADR
BSIG,Brightsphere Investment Group Plc
BSL,Blackstone Gso Senior Floating Rate
BSM,Black Stone Minerals LP
BSMX,Grupo Financiero Santander Mexico ADR
BST,Blackrock Science and Technolo
BSTZ,Blackrock Science and Technology Trust II
BSX,Boston Scientific Corp
BTA,Blackrock Long-Term Muni Advantage Trust
BTCM,Bit Mining Ltd
BTI,British American Tobacco Industries ADR
BTO,John Hancock Bank and Thrift Fund
BTT,Blackrock Municipal Target Term
BTU,Peabody Energy Corp
BTZ,Blackrock Preferred
BUD,Anheuser-Busch Inbev S.A. ADR
BUI,Blackrock Utility and Infrastr
BUR,Burford Capital Ltd
BURL,Burlington Stores Inc
BV,Brightview Holdings Inc
BVH,Bluegreen Vacations Hldg Corp
BVN,Compania Mina Buenaventura S.A. ADR
BW,Babcock & Wilcox Enterprises
BWA,Borgwarner Inc
BWG,Legg Mason Bw Global Income
BWNB,Babcock & Wilcox Enterprises Inc 6.50%
BWSN,Babcock & Wilcox Enterprises Inc
BWXT,Bwx Technologies Inc
BX,Blackstone Inc
BXC,Bluelinx Holdings Inc
BXMT,Blackstone Mortgage Trust Inc Cl A
BXMX,Nuveen Equity Premium
BXP,Boston Properties
BXSL,Blackstone Secured Lending Fund
BY,Byline Bancorp Inc
BYD,Boyd Gaming Corp
BYM,Blackrock Muni Income Quality Trust
BYN,Banyan Acquisition Corp Cl A
BZH,Beazer Homes USA
C,Citigroup Inc
CAAP,Corporacion America Airports Sa
CABO,Cable One Inc
CACI,Caci International
CADE,Cadence Bank
CAE,Cae Inc
CAF,Morgan Stanley China A Share Fund Inc
CAG,Conagra Brands Inc
CAH,Cardinal Health
CAJ,Canon Inc ADR
CAL,Caleres Inc
CALX,Calix Inc
CANG,Cango Inc ADR
CANO,Cano Health Inc
CAPL,Crossamerica Partners LP
CARR,Carrier Global Corp
CARS,Cars.com Inc
CAT,Caterpillar Inc
CATO,Cato Corp
CB,Chubb Ltd
CBD,Companhia Brasileira DE Distribuicao ADR
CBH,Allianzgi Convertible Income 2024 Target Term Fu
CBL,Cbl & Associates Properties Inc
CBRE,CBRE Group Inc
CBT,Cabot Corp
CBU,Community Bank System
CBZ,Cbiz Inc
CC,Chemours Company
CCCS,CCC Intelligent Solutions Hldgs Inc
CCI,Crown Castle Inc
CCJ,Cameco Corp
CCK,Crown Cork & Seal Company
CCL,Carnival Corp
CCM,Concord Medical Services ADR
CCO,Clear Channel Outdoor Holdings
CCRD,Corecard Corp
CCS,Century Communities Inc
CCU,Compania Cervecerias Unidas S.A. ADR
CCV,Churchill Capital V Cl A
CCVI,Churchill Capital Corp Vi Cl A
CCZ,Comcast Corp
CDAY,Ceridian Hcm Holding Inc
CDE,Coeur Mining Inc
CDR,Cedar Realty Trust Inc
CDRE,Cadre Holdings Inc
CE,Celanese Corp
CEA,China Eastern Airlines Corp Ltd ADR
CEE,Central Europe and Russia Fund
CEIX,Consol Energy Inc
CEM,Clearbridge Energy MLP Fund Inc
CEN,Center Coast MLP & Infrastructure
CEPU,Central Puerto S.A. ADR
CEQP,Crestwood Equity Partners LP
CF,Cf Industries Holdings
CFG,Citizens Financial Group Inc/Ri
CFR,Cullen/Frost Bankers
CGA,China Green Agriculture
CGAU,Centerra Gold Inc
CHAA,Catcha Investment Corp Cl A
CHCT,Community Healthcare Trust Inc
CHD,Church & Dwight Company
CHE,Chemed Inc
CHGG,Chegg Inc
CHH,Choice Hotels International
CHMI,Cherry Hill Mortgage Investmen
CHN,China Fund
CHPT,Chargepoint Hldgs Inc
CHRA,Charah Solutions Inc
CHRB,Charah Solutions Inc 8.50%
CHS,Chico's Fas
CHT,Chunghwa Telecom Co. Ltd ADR
CHWY,Chewy Inc
CI,Cigna Corp
CIA,Citizens Inc
CIB,Bancolombia S.A. ADR
CIEN,Ciena Corp
CIF,Colonial Intermediate High
CIG,Comp En DE MN Cemig ADR
CII,Blackrock Capital and Income Strategies
CIM,Chimera Investment Corp
CINT,CI&T Inc Cl A
CIO,City Office REIT Inc
CION,Cion Investment Corp
CIR,Circor International
CIVI,Civitas Resources Inc
CIXX,CI Financial Corp OR
CL,Colgate-Palmolive Company
CLAA,Colonnade Acquisition Corp II Cl A
CLAS,Class Acceleration Corp Cl A
CLB,Core Laboratories N.V.
CLBR,Colombier Acquisition Corp Cl A
CLDT,Chatham Lodging Trust REIT
CLF,Cleveland-Cliffs Inc
CLH,Clean Harbors
CLIM,Climate Real Impact Solutions II Acquisition Cor
CLPR,Clipper Realty Inc
CLR,Continental Resources
CLS,Celestica Inc
CLVT,Clarivate Analytics Plc
CLW,Clearwater Paper Corp
CLX,Clorox Company
CM,Canadian Imperial Bank of Commerce
CMA,Comerica Inc
CMC,Commercial Metals Company
CMCM,Cheetah Mobile Inc ADR
CMG,Chipotle Mexican Grill
CMI,Cummins Inc
CMP,Compass Minerals Intl Inc
CMRE,Costamare Inc
CMS,Cms Energy Corp
CMSA,Cms Energy Corp 5.625% Junior Subordinate
CMSC,Cms Energy Corp
CMSD,Cms Energy Corp 5.875% Junior Subordinate
CMTG,Claros Mortgage Trust Inc
CMU,Colonial Muni Income Trust
CNA,Cna Financial Corp
CNC,Centene Corp
CND,Concord Acquisition Corp Cl A
CNDA,Concord Acquisition Corp II Cl A
CNDB,Concord Acquisition Corp III Cl A
CNF,Cnfinance Holdings Ltd ADR
CNHI,CNH Industrial N.V.
CNI,Canadian National Railway
CNK,Cinemark Holdings Inc
CNM,Core & Main Inc Cl A
CNMD,C O N M E D Cp
CNNE,Cannae Holdings Inc
CNO,Cno Financial Group
CNP,Centerpoint Energy Inc
CNQ,Canadian Natural Resources
CNS,Cohn & Steers Inc
CNVY,Convey Holding Parent Inc
CNX,CNX Resources Corp
CO,Global Cord Blood Corp
CODI,Compass Diversified Holdings
COE,China Online Education Group ADR
COF,Capital One Financial Corp
COLD,Americold Realty Trust
COMP,Compass Inc Cl A
COO,Cooper Companies
COOK,Traeger Inc
COP,Conocophillips
CORR,Corenergy Infrastructure Trust Inc
CORS,Corsair Partnering Corp Cl A
COTY,Coty Inc
COUR,Coursera Inc
CP,Canadian Pacific Railway
CPA,Copa Holdings S.A.
CPAC,Cementos Pacasmayo S.A.A ADR
CPB,Campbell Soup Company
CPE,Callon Petroleum Company
CPF,Central Pacific Financial Company
CPG,Crescent Pt Energy
CPK,Chesapeake Utilities Corp
CPNG,Coupang Inc Cl A
CPRI,Capri Holdings Ltd
CPS,Cooper Std Holdings Inc
CPT,Camden Property Trust
CPTK,Crown Proptech Acquisitions Cl A
CPUH,Compute Health Acquisition Corp Cl A
CR,Crane Holdings CO
CRC,California Resources Corp
CRGY,Crescent Energy Company Cl A
CRH,CRH Plc ADR
CRHC,Cohn Robbins Holdings Corp Cl A
CRI,Carter's Inc
CRK,Comstock Resources
CRL,Charles River Laboratories Intl
CRM,Salesforce Inc
CRS,Carpenter Technology Corp
CRT,Cross Timbers Royalty Trust
CRU,Crucible Acquisition Corp Cl A
CS,Credit Suisse Group ADR
CSAN,Cosan Sa Spon ADR WI
CSL,Carlisle Companies Inc
CSR,Centerspace
CSTA,Constellation Acquisition Corp I Cl A
CSTM,Constellium N.V.
CSV,Carriage Services
CTBB,Qwest Corp
CTDD,Qwest Corp 6.75% Notes Due 2057
CTLT,Catalent Inc
CTO,Cto Realty Growth Inc
CTOS,Custom Truck One Source
CTR,Clearbridge Energy MLP Fund IN
CTRA,Coterra Energy Inc
CTRE,Caretrust REIT Inc
CTS,Cts Corp
CTT,Catchmark Timber Trust Inc
CTV,Innovid Corp
CTVA,Corteva Inc
CUBB,Customers Bancorp Inc 5.375%
CUBE,Cubesmart
CUBI,Customers Bancorp
CUK,Carnival Plc ADR
CULP,Culp Inc
CURO,Curo Group Holdings Corp
CURV,Torrid Holdings Inc
CUZ,Cousins Properties Inc
CVE,Cenovus Energy Inc
CVEO,Civeo Corp
CVI,Cvr Energy Inc
CVII,Churchill Capital Corp Vii Cl A
CVNA,Carvana Co. Cl A
CVS,CVS Corp
CVX,Chevron Corp
CW,Curtiss-Wright Corp
CWAN,Clearwater Analytics Holdings Inc Cl A
CWEN,Clearway Energy Inc Cl C
CWH,Camping World Holdings Inc
CWK,Cushman & Wakefield Plc
CWT,California Water Service Group Holding
CX,Cemex S.A.B. DE C.V. ADR
CXAC,C5 Acquisition Corp Cl A
CXE,Colonial High Income Muni Trust
CXH,Colonial Investment Grade Muni Trust
CXM,Sprinklr Inc Cl A
CXW,Corecivic Inc
CYD,China Yuchai International
CYH,Community Health Systems
CZOO,Cazoo Group Ltd
D,Dominion Resources
DAC,Danaos Corp
DAL,Delta Air Lines Inc
DAN,Dana Inc
DAO,Youdao Inc ADR
DAR,Darling International Inc
DASH,Doordash Inc Cl A
DAVA,Endava Plc ADR
DB,Deutsche Bank Ag
DBD,Diebold Nixdorf Inc
DBI,Designer Brands Inc
DBL,Doubleline Opportunistic Credit Fund
DBRG,Digitalbridge Group Inc
DCF,Dreyfus Alcentra Global Credit Income 2024 Targe
DCI,Donaldson Company
DCO,Ducommun Inc
DCP,Dcp Midstream LP
DD,Dupont Denemours Inc
DDD,3D Systems Corp
DDF,Delaware Dividend & Income
DDL,Dingdong [Cayman] Ltd ADR
DDS,Dillard's
DDT,Dillard's
DE,Deere & Company
DEA,Easterly Government Properties
DECK,Deckers Outdoor Corp
DEI,Douglas Emmett
DELL,Dell Technologies Inc
DEN,Denbury Inc
DEO,Diageo Plc ADR
DESP,Despegar.com Corp
DEX,Delaware Enhanced Global Dividend
DFIN,Donnelly Financial Solutions Inc
DFP,Flaherty & Crumrine Dynamic
DFS,Discover Financial Services
DG,Dollar General Corp
DGX,Quest Diagnostics Inc
DHF,Dreyfus High Yield Strategies Fund
DHI,D.R. Horton
DHR,Danaher Corp
DHT,Dht Holdings
DHX,Dice Holdings
DIAX,Nuveen Dow
DIN,Dineequity Inc
DINO,HF Sinclair Corp
DIS,Walt Disney Company
DK,Delek US Holdings
DKL,Delek Logistics Partners LP
DKS,Dick's Sporting Goods Inc
DLB,Dolby Laboratories
DLNG,Dynagas Lng Partners LP
DLR,Digital Realty Trust
DLX,Deluxe Corp
DLY,Doubleline Yield Opportunities Fund
DM,Desktop Metal Inc
DMA,Destra Multi-Alternative Fund
DMB,Dreyfus Municipal Bond Infrastr
DMO,Western Asset Mortgage Defined Opp
DMS,Digital Media Solutions Inc
DMYS,Dmy Technology Group Inc Vi Cl A
DNA,Ginkgo Bioworks Hldgs Inc
DNB,Dun & Bradstreet Holdings Inc
DNMR,Danimer Scientific Inc
DNOW,Now Inc
DNP,Duff & Phelps Utilities Income
DNZ,D and Z Media Acquisition Corp Cl A
DO,Diamond Offshore Drilling Inc
DOC,Physicians Realty Trust
DOCN,Digitalocean Holdings Inc
DOCS,Doximity Inc Cl A
DOLE,Dole Plc
DOMA,Doma Holdings Inc
DOOR,Masonite Worldwide Holdings
DOUG,Douglas Elliman Inc
DOV,Dover Corp
DOW,Dow Inc
DPG,Duff & Phelps Global Utility
DPZ,Domino's Pizza Inc
DQ,Daqo New Energy ADR
DRD,Drdgold Ltd ADR
DRE,Duke Realty Corp
DRH,Diamondrock Hospitality Company
DRI,Darden Restaurants
DRQ,Dril-Quip
DS,Drive Shack Inc
DSAQ,Direct Selling Acquisition Corp Cl A
DSL,Doubleline Income Solutions Fund
DSM,Dreyfus Strategic Muni Bond Fund
DSU,Blackrock Debt Strategies Fund
DSX,Diana Shipping Inc
DT,Dynatrace Inc
DTB,Dte Energy Company 2020 Series G 4.375% Junior S
DTC,Solo Brands Inc Cl A
DTE,Dte Energy Company
DTF,Dtf Tax-Free Income 2028 Term Fund Inc
DTG,Dte Energy Company 2021 Sr E
DTM,Dt Midstream Inc
DTP,Dte Energy Co. Units
DTW,Dte Energy Company 2017 Series E 5.25% Jr
DUK,Duke Energy Corp
DUKB,Duke Energy Corp 5.625%
DV,Doubleverify Holdings Inc
DVA,Davita Healthcare Partners Inc
DVN,Devon Energy Corp
DWIN,Delwinds Insurance Acquisition Corp Cl A
DX,Dynex Capital
DXC,Dxc Technology Company
DY,Dycom Industries
E,Eni S.P.A. ADR
EAF,Graftech International Ltd
EAI,Entergy Arkansas Inc
EARN,Ellington Residential Mortgage
EAT,Brinker International
EB,Eventbrite Inc
EBF,Ennis Inc
EBR,Centrais Electricas Brazil ADR
EBS,Emergent Biosolutions
EC,Ecopetrol S.A. ADR
ECAT,Blackrock ESG Capital Allocation Trust
ECC,Eagle Point Credit Co. Inc
ECCC,Eagle Point Credit Company
ECCV,Eagle Point Credit Company Inc 5.375% Notes Due
ECCW,Eagle Point Credit Company
ECCX,Eagle Point Credit Company
ECL,Ecolab Inc
ECOM,Channeladvisor Corp
ECVT,Pq Group Holdings Inc
ED,Consolidated Edison Company
EDD,Emerging Markets Domestic Debt Fund
EDF,Virtus Stobe Harbor Emerging Mkts Inc Fund
EDI,Stone Harbor Emerging Markets
EDN,Empresa Distribuidora Y Comercializadora ADR
EDR,Endeavor Group Holdings Inc Cl A
EDU,New Oriental Education & Technology Group ADR
EE,Excelerate Energy Inc Cl A
EEA,European Equity Fund
EEX,Emerald Expositions Events Inc
EFC,Ellington Financial Llc
EFL,Eaton Vance Floating-Rate 2022 Target Term Trust
EFR,Eaton Vance Senior Floating-Rate Fund
EFT,Eaton Vance Floating Rate Income Trust
EFX,Equifax Inc
EGF,Blackrock Enhanced Government Fund
EGGF,EG Acquisition Corp Cl A
EGHT,8X8 Inc
EGO,Eldorado Gold Corp
EGP,Eastgroup Properties
EGY,Vaalco Energy Inc
EHAB,Enhabit Inc
EHC,Encompass Health Corp
EHI,Western Asset Global High
EIC,Eagle Point Income Company
EICA,Eagle Point Income CO Inc
EIG,Employers Holdings Inc
EIX,Edison International
EL,Estee Lauder Companies
ELAN,Elanco Animal Health Inc
ELAT,Elanco Animal Health Inc Units
ELC,Entergy Louisiana Llc
ELF,E.L.F. Beauty Inc
ELP,Companhia Paranaense DE Energia [Copel] ADR
ELS,Equity Lifestyle Properties
ELV,Elevance Health Inc
ELVT,Elevate Credit Inc
ELY,Callaway Golf Company
EMD,Western Asset Emerging Market Debt Fund Inc
EME,Emcor Group
EMF,Templeton Emerging Markets Fund
EMN,Eastman Chemical Company
EMO,Clearbridge Energy MLP Opportu
EMP,Entergy Mississippi Inc 4.9% Bonds
EMR,Emerson Electric Company
EMWP,Eros Media World Plc
ENB,Enbridge Inc
ENBA,Enbridge Inc 6.375% Fixed-To-Floating Rate
ENFN,Enfusion Inc Cl A
ENIC,Enersis Chile S.A. ADR
ENJ,Entergy New Orleans Inc
ENLC,Enlink Midstream Llc
ENO,Entergy New Orleans Incfirst
ENOV,Enovis Corp
ENPC,Executive Network Partnering Corp Cl A
ENR,Energizer Holdings Inc
ENS,Enersys Inc
ENV,Envestnet Inc
ENVA,Enova International Inc
ENZ,Enzo Biochem
EOCW,Elliott Opportunity II Cl A
EOD,Wells Fargo Global Dividend Opportunity
EOG,Eog Resources
EOI,Eaton Vance Enhance Equity
EOS,Eaton Vance Enhanced Equity II
EOT,Eaton Vance Muni Income Trust
EPAC,Actuant Corp
EPAM,Epam Systems Inc
EPC,Edgewell Personal Care
EPD,Enterprise Products Partners LP
EPR,Entertainment Properties Trust
EPRT,Essential Properties Realty Trust Inc
EPWR,Empowerment & Inclusion Capital I Corp Cl A
EQC,Equity Commonwealth
EQD,Equity Distribution Acquisition Corp Cl A
EQH,Axa Equitable Holdings Inc
EQHA,Eq Health Acquisition Corp Cl A
EQNR,Equinor ASA ADR
EQR,Equity Residential
EQS,Equus Total Return
EQT,Eqt Corp
ERF,Enerplus Corp
ERJ,Embraer-Empresa Brasileira DE Aeronautica ADR
ERO,Ero Copper Corp
ES,Eversource Energy
ESAB,Esab Corp
ESE,Esco Technologies Inc
ESI,Element Solutions Inc
ESM,Esm Acquisition Corp Cl A
ESMT,Engagesmart Inc
ESNT,Essent Group Ltd
ESRT,Empire State Realty Trust Inc
ESS,Essex Property Trust
ESTC,Elastic N.V.
ESTE,Earthstone Energy
ET,Energy Transfer LP
ETB,Eaton Vance Tax-Managed Buy-Write
ETD,Ethan Allen Interiors Inc
ETG,Eaton Vance Tax-Advantaged Global Dividend
ETJ,Eaton Vance Risk-Managed Diversified Equity
ETN,Eaton Corp
ETO,Eaton Vance Tax-Advantage Global Dividend Opp
ETR,Entergy Corp
ETRN,Equitrans Midstream Corp
ETV,Eaton Vance Corp
ETW,Eaton Vance Corp
ETWO,E2Open Parent Hldg
ETX,Eaton Vance Municipal Income T
ETY,Eaton Vance Tax-Managed Diversified Equity
EURN,Euronav NV
EVA,Enviva Partners LP
EVC,Entravision Communications Corp
EVE,Eve Mobility Acquisition Corp Cl A
EVEX,Eve Holding Inc
EVF,Eaton Vance Senior Income Trust
EVG,Eaton Vance Short Diversified
EVH,Evolent Health Inc Cl A Com
EVN,Eaton Vance Muni Income Trust
EVR,Evercore Partners Inc
EVRG,Evergy Inc
EVRI,Everi Holdings Inc
EVT,Eaton Vance Tax Advantaged Dividend
EVTC,Evertec Inc
EVTL,Vertical Aerospace Ltd
EW,Edwards Lifesciences Corp
EXD,Eaton Vance Tax-Advantaged Bond
EXG,Eaton Vance Tax-Managed Global Diversified Equit
EXK,Endeavour Silver Corp
EXP,Eagle Materials Inc
EXPR,Express Inc
EXR,Extra Space Storage Inc
EXTN,Exterran Corp
F,Ford Motor Company
FACA,Figure Acquisition Corp I Cl A
FACT,Freedom Acquisition I Corp Cl A
FAF,First American Corp
FAM,First Trust/Aberdeen Global Opportunity
FATH,Fathom Digital Manufacturing Corp
FBC,Flagstar Bancorp
FBHS,Fortune Brands Home & Security
FBK,Fb Financial Corp
FBP,First Bancorp
FBRT,Franklin Bsp Realty Trust Inc
FC,Franklin Covey Company
FCAX,Fortress Capital Acquisition Corp Cl A
FCF,First Commonwealth Financial Corp
FCN,Fti Consulting
FCPT,Four Corners Property Trust IN
FCRX,First Eagle Alternative Capital Bdc
FCT,Senior Floating Rate II
FCX,Freeport-Mcmoran Inc
FDEU,FT Dynamic Europe Equi
FDP,Fresh Del Monte Produce
FDS,Factset Research Systems Inc
FDX,Fedex Corp
FE,Firstenergy Corp
FEDU,Four Seasons Education Cayman Inc ADR
FEI,FT MLP and Energy Inc
FENG,Phoenix New Media Ltd ADR
FEO,First Trust/Aberdeen Emerging Opportunity Fund
FERG,Ferguson Plc
FET,Forum Energy Technologies Inc
FF,Futurefuel Corp
FFA,FT Enhanced Equity Income Fund
FFC,Flaherty Crumrine/Claymore Preferred Securities
FGB,Specialty Finance and Financial Fund
FHI,Federated Investors
FHN,First Horizon Corp
FHS,First High-School Education Group ADR
FICO,Fair Isaac and Company
FIF,FT Energy Infrastruct
FIGS,Figs Inc Cl A
FINS,Angel Oak Financial Strategies Income Term Trust
FINV,Finvolution Group ADR
FIS,Fidelity National Information Services
FIX,Comfort Systems USA
FL,Footlocker Inc
FLAG,First Light Acquisition Group Cl A
FLC,Flaherty & Crumrine/Claymore Total Return
FLME,Flame Acquisition Corp Cl A
FLNG,Flex Lng Ltd
FLO,Flowers Foods
FLR,Fluor Corp
FLS,Flowserve Corp
FLT,Fleetcor Technologies
FLYA,Soar Technology Acquisition Corp Cl A
FMC,FMC Corp
FMN,Federated Premier Muni
FMS,Fresenius Medical Care Corp ADR
FMX,Fomento Economico Mexicano S.A.B. DE C.V. ADR
FMY,First Trust/Fidac Mortgage Income Fund
FN,Fabrinet
FNA,Paragon 28 Inc
FNB,F.N.B. Corp
FND,Floor & Decor Holdings Inc
FNF,Fidelity National Financial
FNV,Franco Nev Corp
FOA,Finance of America Companies Inc Cl A
FOF,Cohen & Steers Closed-End Opportunity Fund
FOR,Forestar Group Inc
FORG,Forgerock Inc Cl A
FOUR,Shift4 Payments Inc
FPAC,Far Peak Acquisition Corp Cl A
FPF,FT Intermediate Durat
FPH,Five Point Holdings Llc Cl A
FPI,Farmland Partners Inc
FPL,FT New Opportunities M
FR,First Industrial Realty Trust
FRA,Blackrock Floating Rate Income Fund
FRC,First Republic Bank
FREY,Freyr Battery
FRGE,Forge Global Hldgs Inc
FRO,Frontline Ltd
FRT,Federal Realty Investment Trust
FRXB,Forest Road Acquisition Corp II Cl A
FSD,High Income Long Short Fund
FSK,FS KKR Capital Corp
FSLY,Fastly Inc
FSM,Fortuna Silver Mines
FSNB,Fusion Acquisition Corp II Cl A
FSR,Fisker Inc
FSS,Federal Signal Corp
FST,Fast Acquisition Corp Cl A
FT,Franklin Universal Trust
FTCH,Farfetch Ltd Cl A
FTEV,Fintech Evolution Acquisition Group Cl A
FTHY,FT High Yield Opportunities 2027 Term F
FTI,Technipfmc Plc
FTK,Flotek Industries
FTS,Fortis Inc
FTV,Fortive Corp
FUBO,Fubotv Inc
FUL,H. B. Fuller Company
FUN,Cedar Fair LP
FVIV,Fortress Value Acquisition Corp IV Cl A
FVRR,Fiverr International Ltd
FVT,Fortress Value Acquisition Corp III Cl A
FXLV,F45 Training Holdings Inc
FZT,Fast Acquisition Corp II Cl A
G,Genpact Ltd
GAB,Gabelli Equity Trust
GAM,General American Investors
GAPA,G&P Acquisition Corp Cl A
GAQ,Generation Asia I Acquisition Cl A
GATO,Gatos Silver Inc
GATX,GATX Corp
GB,Global Blue Group Holding Ag
GBAB,Guggenheim Taxable Muni Bond Inv Grd Debt Trst
GBCI,Glacier Bancorp Inc
GBL,Gamco Investors
GBLI,Global Indemnity Plc
GBTG,Global Business Travel Group Inc
GBX,Greenbrier Companies
GCI,Gannett Co. Inc
GCO,Genesco Inc
GCP,Gcp Applied Technologies Inc C
GCV,Gabelli Convertible and Income Securities
GD,General Dynamics Corp
GDDY,Godaddy Inc
GDL,The Gdl Fund
GDO,Western Asset Global Corporate Defined
GDOT,Green Dot Corp
GDV,Gabelli Dividend
GE,General Electric Company
GEF,Greif Bros. Corp
GEHI,Gravitas Education Hldgs Inc
GEL,Genesis Energy LP
GENI,Genius Sports Ltd
GEO,Geo Group Inc
GER,GS MLP Energy Renaissance Fund
GES,Guess Inc
GETY,Getty Images Holdings Inc Cl A
GF,New Germany Fund
GFF,Griffon Corp
GFI,Gold Fields Ltd ADR
GFL,Gfl Environmental Inc
GFLU,Gfl Environmental Inc Tangible Equity Units
GFOR,Graf Acquisition Corp IV
GFX,Golden Falcon Acquisition Corp Cl A
GGB,Gerdau S.A. ADR
GGG,Graco Inc
GGT,Gabelli Global Multi-Media Trust
GGZ,Gabelli Global Small and Mid CA
GHC,Graham Holdings Company
GHG,Greentree Hospitality Group Ltd ADR
GHL,Greenhill & Co. Inc
GHLD,Guild Holdings Company Cl A
GHM,Graham Corp
GHY,Prudential Global Short Durati
GIA,Gigcapital 5 Inc
GIB,CGI Group
GIC,Global Industrial CO
GIL,Gildan Activewear
GIM,Templeton Global
GIS,General Mills
GJH,Strats Sm Trust For United States Cellular Corp
GJO,Strats Sm Trust For Wal-Mart Stores Inc Securiti
GJP,Strats Sm Trust For Dominion Resources Inc Secur
GJR,Strats Sm Trust For The Procter & Gamble Co. Sec
GJS,Strats Sm Trust For Goldman Sachs Group Securiti
GJT,Strats Sm Trust For Allstate Corp Securities Ser
GKOS,Glaukos Corp
GL,Globe Life Inc
GLOB,Globant S.A.
GLOP,Gaslog Partners LP
GLP,Global Partners LP
GLS,Gelesis Holdings Inc
GLT,Glatfelter
GLW,Corning Inc
GM,General Motors Company
GME,Gamestop Corp
GMED,Globus Medical Inc
GMRE,Global Medical REIT Inc
GMS,Gms Inc
GNE,Genie Energy Ltd Cl B
GNK,Genco Shipping & Trading Ltd
GNL,Global Net Lease Inc
GNRC,Generac Holdings Inc
GNT,Gabelli Natural Resources Gold
GNW,Genworth Financial Inc
GOAC,Go Acquisition Corp Cl A
GOF,Claymore/Guggenheim Strategic Fund
GOGN,Gogreen Investments Corp Cl A
GOL,Gol Linhas Aereas Inteligentes S.A. ADR
GOLD,Barrick Gold Corp
GOLF,Acushnet Holdings Corp
GOOS,Canada Goose Holdings Inc
GOTU,Gaotu Techedu Inc ADR
GPC,Genuine Parts Company
GPI,Group 1 Automotive
GPJA,Georgia Power Company Series 2017A 5.00% Jr
GPK,Graphic Packaging Holding Company
GPMT,Granite Point Mortgage Trust Inc
GPN,Global Payments Inc
GPOR,Gulfport Energy Corp
GPRK,Geopark Hlds Lmtd
GPS,Gap Inc
GRBK,Green Brick Partners
GRC,Gorman-Rupp Company
GRMN,Garmin Ltd
GROV,Grove Collaborative Hldgs Inc
GRX,The Gabelli Healthcare & Wellness Trust
GS,Goldman Sachs Group
GSBD,Goldman Sachs Bdc Inc
GSK,Gsk Plc ADR
GSL,Global Ship Lease Inc
GSQB,G Squared Ascend II Inc Cl A
GSQD,G Squared Ascend I Inc Cl A
GTES,Gates Industrial Corp Plc
GTLS,Chart Industries IN
GTN,Gray Television
GTY,Getty Realty Corp
GUG,Guggenheim Active Allocation Fund
GUT,Gabelli Utility Trust
GVA,Granite Construction Inc
GWH,Ess Tech Inc
GWRE,Guidewire Software Inc
GWW,W.W. Grainger
GXO,Gxo Logistics Inc
H,Hyatt Hotels Corp
HAE,Haemonetics Corp
HAL,Halliburton Company
HASI,Hannon Armstrong Sustainable IN
HAYW,Hayward Holdings Inc
HBB,Hamilton Beach Brands Holding Cl A
HBI,Hanesbrands Inc
HBM,Hudbay Minerals Inc
HCA,Hca Holdings Inc
HCC,Warrior Met Coal Inc
HCI,Homeowners Choice
HCXY,Hercules Capital Inc 6.25% Notes Due 2033
HD,Home Depot
HDB,Hdfc Bank Ltd ADR
HE,Hawaiian Electric Industries
HEI,Heico Corp
HEP,Holly Energy Partners LP
HEQ,John Hancock Hedged Eqty & Inc
HES,Hess Corp
HESM,Hess Midstream Partners LP
HFRO,Highland Floating Rate Opportunities Fund
HGLB,Highland Global Allocation Fund
HGTY,Hagerty Inc
HGV,Hilton Grand Vacations Inc
HHC,Howard Hughes Corp
HHLA,HH&L Acquisition Co. Cl A
HI,Hillenbrand Inc
HIE,Miller/Howard High Income Eqty
HIG,Hartford Financial Services Group
HIGA,H.I.G. Acquisition Corp Cl A
HII,Huntington Ingalls Industries
HIL,Hill International Inc
HIMS,Hims & Hers Health Inc
HIO,Western Asset High
HIPO,Hippo Holdings Inc
HIW,Highwoods Properties
HIX,Western Asset High Income Fund II Inc
HKD,Amtd Digital Inc ADR
HL,Hecla Mining Company
HLF,Herbalife Ltd
HLGN,Heliogen Inc
HLI,Houlihan Lokey
HLIO,Helios Technologies Inc
HLLY,Holley Inc
HLN,Haleon Plc
HLT,Hilton Inc
HLX,Helix Energy Solutions Group
HMA,Heartland Media Acquisition Corp Cl A
HMC,Honda Motor Company ADR
HMLP,Hoegh Lng Partners LP
HMN,Horace Mann Educators Corp
HMY,Harmony Gold Mining ADR
HNGR,Hanger Inc
HNI,Hon Industries Inc
HOG,Harley-Davidson Inc
HOMB,Home Bancshares Inc
HOUS,Anywhere Real Estate Inc
HOV,Hovnanian Enterprises Inc
HP,Helmerich & Payne
HPE,Hewlett Packard Enterprise Comp
HPF,John Hancock Pfd II
HPI,John Hancock Preferred
HPP,Hudson Pacific Properties
HPQ,Hp Inc
HPS,John Hancock Preferred Income Fund III
HPX,Hpx Corp Cl A
HQH,Tekla Healthcare Investors
HQL,Tekla Life Sciences Investors
HR,Healthcare Realty Trust Inc.
HRB,H&R Block
HRI,Herc Holdings Inc
HRL,Hormel Foods Corp
HRT,Hireright Holdings Corp
HRTG,Heritage Insurance Holdings
HSBC,HSBC Holdings Plc ADR
HSC,Harsco Corp
HSY,Hershey Foods Corp
HT,Hersha Hospitality Trust
HTAQ,Hunt Companies Acquisition Corp I Cl A
HTD,John Hancock Tax Advantaged Dividend
HTFB,Horizon Technology Finance Corp
HTFC,Horizon Technology Finance Corp 6.25%
HTGC,Hercules Technology Growth Capital
HTH,Hilltop Holdings Inc
HTPA,Highland Transcend Partners I Corp Cl A
HTY,John Hancock Tax-Advantaged Global
HUBB,Hubbell Inc B
HUBS,Hubspot Inc
HUGS,Ushg Acquisition Corp Cl A
HUM,Humana Inc
HUN,Huntsman Corp
HUYA,Huya Inc ADR
HVT,Haverty Furniture Companies
HWKZ,Hawks Acquisition Corp Cl A
HWM,Howmet Aerospace Inc
HXL,Hexcel Corp
HY,Hyster-Yale Materials Handling
HYB,New America High
HYI,Western Asset High Yield Defined
HYLN,Hyliion Hldg Corp Cl A
HYT,Blackrock High Yield Fund Vi Inc
HZN,Horizon Global Corp Comm
HZO,Marinemax Inc
HZON,Horizon Acquisition Corp II Cl A
IAA,Iaa Inc
IACC,ION Acquisition Corp 3 Ltd Cl A
IAE,VOYA Asia Pacific High Dividend Equity
IAG,Iamgold Corp
IBA,Industrias Bachoco S.A. DE C.V. ADR
IBER,Ibere Pharmaceuticals Cl A
IBM,International Business Machines
IBN,Icici Bank Ltd ADR
IBP,Installed Building Products
ICD,Independence Contract Drilling Inc
ICE,Intercontinental Exchange
ICL,Israel Chemicals Ltd
ICNC,Iconic Sports Acquisition Corp Cl A
IDA,Idacorp Inc
IDE,VOYA Infrastructure Industrial
IDT,IDT Corp
IEX,Idex Corp
IFF,International Flavors & Fragrances
IFIN,Infint Acquisition Corp Cl A
IFN,India Fund
IFS,Intercorp Financial Services Inc
IGA,VOYA Global Advantage and Premium
IGD,VOYA Global Equity Dividend and Premium
IGI,Western Asset Investment Grade Defined
IGR,CBRE Global Real Estate Income Fund
IGT,International Game Technology
IH,Ihuman Inc ADR
IHD,VOYA Emerging Markets High Dividend
IHG,Intercontinental Hotels Group ADR
IHIT,Invesco High Income 2023 Target Term Fund
IHS,IHS Holding Ltd
IHTA,Invesco High Income 2024 Target Term Fund
IIF,Morgan Stanley India Investment Fund Inc
IIIN,Insteel Industries
IIM,Invesco Insured Muni Income Trust
IIPR,Innovative Industrial Properties
IMAX,Imax Corp
IMPX,Aea-Bridges Impact Corp Cl A
INAQ,Insight Acquisition Corp Cl A
INFA,Informatica Inc Cl A
INFY,Infosys Ltd ADR
ING,ING Groep N.V. ADR
INGR,Ingredion Inc
INN,Summit Hotel Properties
INSI,Insight Select Income Fund
INSP,Inspire Medical Systems Inc
INST,Instructure Holdings Inc
INSW,International Seaways Inc
INT,World Fuel Services Corp
INVH,Invitation Homes Inc
IONQ,Ionq Inc
IOT,Samsara Inc Cl A
IP,International Paper Company
IPG,Interpublic Group of Companies
IPI,Intrepid Potash Inc
IPOD,Social Capital Hedosophia Corp IV Cl A
IPOF,Social Capital Hedosophia Corp Vi Cl A
IPVA,Interprivate II Acquisition Corp Cl A
IPVF,Interprivate III Financial Partners Inc Cl A
IQI,Invesco Quality Muni Income Trust
IQV,Iqvia Holdings Inc
IR,Ingersoll Rand Inc
IRL,Irish Investment Fund
IRM,Iron Mountain Inc
IRNT,Ironnet Inc
IRRX,Integrated Rail and Resources Acquisition Corp
IRS,Irsa Inversiones Y Representaciones S.A. ADR
IRT,Independence Realty Trust Inc
IS,Ironsource Ltd Cl A
ISD,Prudential Short Duration High
IT,Gartner Inc
ITCB,Itau Corpbanca ADR
ITGR,Integer Holdings Corp
ITT,ITT Inc
ITUB,Itau Unibanco Banco Holding S.A. ADR
ITW,Illinois Tool Works Inc
IVC,Invacare Corp
IVH,Ivy High Income Opportunities
IVR,Invesco Mortgage Capital Inc
IVT,Inventrust Pptys Corp
IVZ,Invesco Plc
IX,Orix Corp ADR
J,Jacobs Engineering Group Inc
JATT,Jatt Acquisition Corp Cl A
JBGS,Jbg Smith Properties
JBI,Janus International Group Inc
JBK,Lehman Abs Corp
JBL,Jabil Circuit
JBT,John Bean Technologies Corp
JCE,Nuveen Core Equity Alpha Fund
JCI,Johnson Controls Intl
JEF,Jefferies Financial Group Inc
JELD,Jeld-Wen Holding Inc
JEMD,Nuveen Emerging Markets Debt 2022 Target Term Fu
JEQ,Japan Equity Fund
JFR,Nuveen Floating Rate
JGH,Nuveen Global High Income Fund
JHAA,Nuveen High Income 2023 Target Term Fund
JHG,Janus Henderson Group Plc
JHI,John Hancock Investors Trust
JHS,John Hancock Income Securities Trust
JHX,James Hardie Industries Se ADR
JILL,J. Jill Inc
JKS,Jinkosolar Holding Company ADR
JLL,Jones Lang Lasalle Inc
JLS,Nuveen Mortgage Opportunity Term Fund
JMIA,Jumia Technologies Ag ADR
JMM,Nuveen Multi-Market Income Fund Inc
JNJ,Johnson & Johnson
JNPR,Juniper Networks
JOBY,Joby Aviation Inc
JOE,St. Joe Company
JOF,Japan Smaller Capitalization Fund Inc
JPC,Nuveen Preferred and Convertible
JPI,Nuveen Preferred and Income Term Fund
JPM,JP Morgan Chase & Company
JPS,Nuveen Quality Preferred 2
JPT,Nuveen Preferred and Income Fund
JQC,Nuveen Preferred and Convertible 2
JRI,Nuveen Real Asset Income and Gr
JRO,Nuveen Floating Rate Income Opportuntiy
JRS,Nuveen Real Estate Fund
JSD,Nuveen Short Duration Credit O
JT,Jianpu Technology Inc ADR
JUN,Juniper II Corp Cl A
JWN,Nordstrom
JWSM,Jaws Mustang Acquisition Corp Cl A
JXN,Jackson Financial Inc Cl A
K,Kellogg Company
KAHC,KKR Acquisition Holdings I Corp Cl A
KAI,Kadant Inc
KAMN,Kaman Corp
KAR,Kar Auction Services Inc
KB,KB Financial Group Inc ADR
KBH,KB Home
KBR,KBR Inc
KCGI,Kensington Capital Acquisition Corp V Cl A
KD,Kyndryl Hldgs Inc
KEN,Kenon Holdings Ltd
KEP,Korea Electric Power Corp ADR
KEX,Kirby Corp
KEY,Keycorp
KEYS,Keysight Technologies Inc
KF,Korea Fund
KFS,Kingsway Financial Services
KFY,Korn/Ferry International
KGC,Kinross Gold Corp
KIM,Kimco Realty Corp
KIND,Nextdoor Holdings Inc.
KIO,KKR Income Opportunities Fund
KKR,KKR & Co. LP
KKRS,KKR Group Finance Co. Ix Llc
KLR,Kaleyra Inc
KMB,Kimberly-Clark Corp
KMF,Kayne Anderson Midstream Energy Fund
KMI,Kinder Morgan
KMPB,Kemper Corp 5.875%
KMPR,Kemper Corp
KMT,Kennametal Inc
KMX,Carmax Inc
KN,Knowles Corp
KNOP,Knot Offshore Partners LP
KNSL,Kinsale Capital Group Inc
KNSW,Knightswan Acquisition Corp Cl A
KNX,Knight-Swift Transporation Inc
KO,Coca-Cola Company
KODK,Eastman Kodak
KOF,Coca Cola Femsa S.A.B. DE C.V. ADR
KOP,Koppers Holdings Inc
KORE,Kore Group Holdings Inc
KOS,Kosmos Energy Ltd
KR,Kroger Company
KRC,Kilroy Realty Corp
KREF,KKR Real Estate Finance Trust Inc
KRG,Kite Realty Group Trust
KRO,Kronos Worldwide Inc
KRP,Kimbell Royalty Partners
KSM,Scudder Strategic Municiple Income Trust
KSS,Kohl's Corp
KT,Korea Telecom Corp ADR
KTB,Kontoor Brands Inc
KTF,Scudder Municiple Income Trust
KTH,Lehman Abs Corp
KTN,Lehman Abs Corp
KUKE,Kuke Music Holding Ltd ADR
KW,Kennedy-Wilson Holdings Inc
KWR,Quaker Chemical Corp
KYN,Kayne Anderson MLP Investment Company
L,Loews Corp
LAC,Lithium Americas Corp
LAD,Lithia Motors
LADR,Ladder Capital Corp
LAW,CS Disco Inc
LAZ,Lazard Ltd
LBRT,Liberty Energy Inc
LC,Lendingclub Corp
LCI,Lannett Co. Inc
LCII,Lci Industries
LCW,Learn Cw Investment Corp Cl A
LDI,Loandepot Inc Cl A
LDOS,Leidos Holdings Inc
LDP,Cohen & Steers Ltd Duration Prfd Income Fund
LEA,Lear Corp
LEAP,Ribbit Leap Ltd Cl A
LEG,Leggett & Platt Inc
LEJU,Leju Holdings Ltd ADR
LEN,Lennar Corp
LEO,Dreyfus Strategic Municipals
LEV,The Lion Electric CO
LEVI,Levi Strauss & Co. Cl A
LFC,China Life Insurance Company Ltd ADR
LFG,Archaea Energy Inc
LFT,Lument Finance Trust Inc
LGI,Lazard Global Total Return and
LGV,Longview Acquisition Corp II Cl A
LH,Laboratory Corp of America Holdings
LHC,Leo Holdings Corp II Cl A
LHX,L3Harris Technologies Inc
LICY,Li-Cycle Holdings Corp
LII,Lennox International
LIN,Linde Plc
LITB,Lightinthebox Holding Co. Ltd ADR
LL,Ll Flooring Hldgs Inc
LLAP,Terran Orbital Corp
LLY,Eli Lilly and Company
LMND,Lemonade Inc
LMT,Lockheed Martin Corp
LNC,Lincoln National Corp
LND,Brasilagro ADR
LNN,Lindsay Corp
LOCC,Live Oak Crestview Climate Acquisition Cl A
LOCL,Local Bounti Corp
LOKM,Live Oak Mobility Acquisition Corp Cl A
LOMA,Loma Negra Comp Indu Argentina Sociedad ADR
LOW,Lowe's Companies
LPG,Dorian Lpg Ltd
LPI,Laredo Petroleum Holdings Inc
LPL,Lg Display Co. Ltd ADR
LPX,Louisiana-Pacific Corp
LRN,Stride Inc
LSI,Life Storage
LSPD,Lightspeed Commerce Inc
LTC,Ltc Properties
LTH,Life Time Group Holdings Inc
LTHM,Livent Corp
LU,Lufax Holding Ltd ADR
LUMN,Centurylink
LUV,Southwest Airlines Company
LVS,Las Vegas Sands
LW,Lamb Weston Holdings Inc
LXFR,Luxfer Holdings Plc
LXP,Lxp Industrial Trust
LXU,Lsb Industries Inc
LYB,Lyondellbasell Industries NV
LYG,Lloyds Banking Group Plc ADR
LYV,Live Nation Entertainment
LZB,La-Z-Boy Inc
M,Macy's Inc
MA,Mastercard Inc
MAA,Mid-America Apartment Communities
MAC,Macerich Company
MACC,Mission Advancement Corp Cl A
MAIN,Main Street Capital Corp
MAN,Manpower Inc
MANU,Manchester United Ltd
MAS,Masco Corp
MATV,Mativ Holdings Inc
MATX,Matson Inc
MAV,Pioneer Municipal High Income Advantage Fund
MAX,Mediaalpha Inc Cl A
MAXR,Maxar Technologies Ltd
MBAC,M3-Brigade Acquisition II Corp Cl A
MBI,MBIA Inc
MBSC,M3-Brigade Acquisition III Corp Cl A
MC,Moelis
MCB,Metropolitan Bank Holding Corp
MCD,McDonald's Corp
MCG,Membership Collective Group Inc Cl A
MCI,Massmutual Corporate Investors
MCK,Mckesson Corp
MCN,Madison/Claymore Covered Call & Equity Strategy
MCO,Moody's Corp
MCR,MFS Charter Income Trust
MCS,Marcus Corp
MCW,Mister Car Wash Inc
MCY,Mercury General Corp
MD,Pediatrix Medical Group Inc
MDC,M.D.C. Holdings
MDH,Mdh Acquisition Corp Cl A
MDT,Medtronic Inc
MDU,Mdu Res Group Inc
MDV,Modiv Inc Cl C
MEC,Mayville Engineering Company
MED,Medifast Inc
MEG,Montrose Environmental Group Inc
MEGI,Mainstay CBRE Global Infrastructure Megatrends F
MEI,Methode Electronics
MET,Metlife Inc
MFA,MFA Financial Inc
MFC,Manulife Financial Corp
MFD,Macquarie/First Trust Global
MFG,Mizuho Financial Group ADR
MFGP,Micro Focus Intl Plc ADR
MFM,MFS Muni Income Trust
MFV,MFS Special Value Trust
MG,Mistras Group Inc
MGA,Magna International
MGF,MFS Government Markets Income Trust
MGM,MGM Resorts International
MGR,Affiliated Managers Group Inc
MGRB,Affiliated Managers Group Inc 4.750% Junior Sub
MGRD,Affiliated Managers Group Inc 4.200%
MGU,Macquarie Global Infrastructure Total Return Fun
MGY,Magnolia Oil & Gas Corp
MHD,Blackrock Muniholdings Fund
MHF,Western Asset Muni High
MHI,Pioneer Muni High Income Trust
MHK,Mohawk Industries
MHLA,Maiden Holdings Ltd 6.625% No
MHN,Blackrock Muniholdings New York Quality Fund
MHNC,Maiden Holdings North America
MHO,M/I Homes
MIN,MFS Intermediate Income Trust
MIO,Pioneer Municipal High Income Opportunities Fund
MIR,Mirion Technologies Inc
MIT,Mason Industrial Technology Inc Cl A
MITT,Ag Mortgage Investment Trust
MIXT,Mix Telematics Ltd ADR
MIY,Blackrock Muniyield Michigan Quality Fund
MKC,Mccormick & Company
MKFG,Markforged Hldg Corp
MKL,Markel Corp
ML,Moneylion Inc
MLI,Mueller Industries
MLM,Martin Marietta Materials
MLNK,Meridianlink Inc
MLP,Maui Land & Pineapple Company
MLR,Miller Industries
MMC,Marsh & Mclennan Companies
MMD,Mainstay Defined Muni Opp Fund
MMI,Marcus & Millichap
MMM,3M Company
MMP,Magellan Midstream Partners LP
MMS,Maximus Inc
MMT,MFS Multimarket Income Trust
MMU,Western Asset Managed Municipals Fund
MN,Manning & Napier Inc
MNP,Western Asset Muni Partners Fund
MNRL,Brigham Minerals Inc
MNSO,Miniso Group Holding Ltd ADR
MNTN,Everest Consolidator Acquisition Corp Cl A
MO,Altria Group
MOD,Modine Manufacturing Company
MODN,Model N Inc
MOGU,Mogu Inc ADR
MOH,Molina Healthcare Inc
MOS,Mosaic Company
MOV,Movado Group Inc
MP,Mp Materials Corp
MPA,Blackrock Muniyield Pennsylvania Quality Fund
MPC,Marathon Petroleum Corp
MPLN,Multiplan Corp
MPLX,Mplx LP
MPV,Massmutual Participation Investors
MPW,Medical Properties Trust
MPX,Marine Products Corp
MQT,Blackrock Muniyield Quality Fund II
MQY,Blackrock Muniyield Quality Fund
MRC,Mrc Global Inc
MRK,Merck & Company
MRO,Marathon Oil Corp
MS,Morgan Stanley
MSA,Msa Safety Inc
MSB,Mesabi Trust
MSC,Studio City Intl Holdings Ltd ADR
MSCI,MSCI Inc
MSD,Morgan Stanley Emerging Markets Debt
MSGE,Madison Square Garden Entertainment Corp
MSGS,Madison Square Garden Sports Corp
MSI,Motorola Solutions
MSM,Msc Industrial Direct Company
MT,Arcelormittal ADR
MTAL,Metals Acquisition Corp Cl A
MTB,M&T Bank Corp
MTCN,Arcelormittal 5.50% Mandatorily
MTD,Mettler-Toledo International
MTDR,Matador Resources Company
MTG,Mgic Investment Corp
MTH,Meritage Corp
MTN,Vail Resorts
MTOR,Meritor Inc
MTR,Mesa Royalty Trust
MTRN,Materion Corp
MTVC,Motive Capital Corp II
MTW,Manitowoc Company
MTX,Minerals Technologies Inc
MTZ,Mastec Inc
MUA,Blackrock Muniassets Fund
MUC,Blackrock Muniholdings California Quality Fund
MUE,Blackrock Muniholdings Quality Fund II
MUFG,Mitsubishi Ufj Financial Group Inc ADR
MUI,Blackrock Muni Intermediate Duration Fund Inc
MUJ,Blackrock Muniholdings New Jersey Insured Fund
MUR,Murphy Oil Corp
MUSA,Murphy USA Inc
MUX,Mcewen Mining Inc
MVF,Munivest Fund
MVO,Mv Oil Trust
MVT,Blackrock Munivest Fund II
MWA,Mueller Water Products
MX,Magnachip Semiconductor Corp
MXE,Mexico Equity and
MXF,Mexico Fund
MYD,Blackrock Muniyield Fund
MYE,Myers Industries
MYI,Blackrock Muniyield Quality Fund III
MYN,Blackrock Muniyield New York Quality Fund
MYOV,Myovant Sciences Ltd
MYTE,Myt Netherlands Parent B.V. ADR
NABL,N-Able Inc
NAC,Nuveen California Divadv Fund
NAD,Nuveen Divadv Fund
NAN,Nuveen New York Divadv Fund
NAPA,The Duckhorn Portfolio Inc
NAT,Nordic American Tanker Shipping Ltd
NAZ,Nuveen Arizona Premium Fund
NBB,Nuveen Build America Bond Fund
NBHC,National Bank Holdings Corp
NBR,Nabors Industries
NBXG,Neuberger Next Gen Connectivity Fund Inc
NC,Nacco Industries
NCA,Nuveen California Muni Value Fund
NCLH,Norwegian Cruise Ord
NCR,NCR Corp
NCV,Virtus Convertible & Income Fund
NCZ,Virtus Convertible & Income Fund II
NDMO,Nuveen Dynamic Municipal Opportunities Fund Comm
NDP,Tortoise Energy Independence F
NE,Noble Corp Plc
NEA,Nuveen Insured Tax-Free Advantage Fund
NEE,Nextera Energy
NEM,Newmont Mining Corp
NEP,Nextera Energy Partners LP
NET,Cloudflare Inc Cl A
NETC,Nabors Energy Transition Corp Cl A
NETI,Eneti Inc
NEU,Newmarket Corp
NEWR,New Relic Inc
NEX,Nextier Oilfield Solutions Inc
NEXA,Nexa Resources S.A.
NFG,National Fuel Gas Company
NFJ,Virtus Dividend Interest & Premium Strategy
NFNT,Infinite Acquisition Corp Cl A
NFYS,Enphys Acquisition Corp Cl A
NGC,Northern Genesis Acquisition Corp III
NGG,National Grid Transco Plc ADR
NGL,Ngl Energy Partners LP
NGS,Natural Gas Services Group
NGVC,Natural Grocers By Vitamin Cottage Inc
NGVT,Ingevity Corp
NHI,National Health Investors
NI,NiSource Inc
NIC,Nicolet Bankshares Inc
NID,Nuveen Intermediate Duration M
NIE,Virtus Equity & Convertible Income Fund
NIM,Nuveen Maturities Fund
NIMC,NiSource Inc
NINE,Nine Energy Service Inc
NIO,Nio Inc ADR
NIQ,Nuveen Intermediate Duration Q
NJR,Newjersey Resources Corp
NKE,Nike Inc
NKG,Nuveen Georgia Divadv Fund 2
NKX,Nuveen Insured California Tax-Free
NL,NL Industries
NLS,Nautilus Group
NLSN,Nielsen Holdings Plc
NLY,Annaly Capital Management Inc
NM,Navios Maritime Holdings Inc
NMAI,Nuveen Multi-Asset Income Fund
NMCO,Nuveen Municipal Credit Opportunities Fund
NMG,Nouveau Monde Graphite Inc
NMI,Nuveen Muni
NMM,Navios Maritime Partners LP
NMR,Nomura Holdings Inc ADR
NMS,Nuveen Minnesota Municipal Inco
NMT,Nuveen Massachusetts Premium Fund
NMZ,Nuveen Muni High Income Opportunity
NNI,Nelnet Inc
NNN,National Retail Properties
NNY,Nuveen New York Muni Value Fund
NOA,North American Construction Group Ltd
NOAH,Noah Holdings Ltd ADR
NOC,Northrop Grumman Corp
NOG,Northern Oil and Gas
NOK,Nokia Corp ADR
NOM,Nuveen Missouri Premium Fund
NOMD,Nomad Foods Ltd
NOTE,Fiscalnote Hldgs Inc
NOV,Nov Inc
NOVA,Sunnova Energy International
NOW,Servicenow Inc
NPCT,Nuveen Core Plus Impact Fund
NPFD,Nuveen Variable Rate Preferred & Income Fund
NPK,National Presto Industries
NPO,Enpro Industries
NPTN,Neophotonics Corp
NPV,Nuveen Virginia Premium Fund
NQP,Nuveen Pennsylvania Investment
NR,Newpark Resources
NRDY,Nerdy Inc
NREF,Nexpoint Real Estate Finance Inc
NRG,NRG Energy
NRGV,Energy Vault Hldgs Inc
NRGX,Neurologix Inc
NRK,Nuveen Insured New York Tax-Free
NRP,Natural Resource Partners LP
NRT,North European Oil Royality Trust
NRUC,National Rural Utilities Coop Finance Corp 5.500
NS,Nustar Energy LP
NSA,National Storage Affiliates Tru
NSC,Norfolk Southern Corp
NSL,Nuveen Senior
NSP,Insperity Inc
NSR,Nomad Royalty Ltd
NSS,Nustar Logistics LP
NSTB,Northern Star Investment Corp II Cl A
NSTC,Northern Star Investment Corp III Cl A
NSTD,Northern Star Investment Corp IV Cl A
NTB,Bank of Butterfield Ltd
NTCO,Natura &Co Holding S.A. ADR
NTG,Tortoise MLP Fund
NTR,Nutrien Ltd
NTST,Netstreit Corp
NTZ,Natuzzi S.P.A. ADR
NU,Nu Holdings Ltd Cl A
NUE,Nucor Corp
NUO,Nuveen Ohio Quality
NUS,Nu Skin Enterprises
NUV,Nuveen Muni Value Fund
NUVB,Nuvation Bio Inc
NUW,Nuveen Muni Value Fund
NVG,Nuveen Insured Divadv Fund
NVGS,Navigator Holdings
NVO,Novo Nordisk A/S ADR
NVR,NVR Inc
NVRO,Nevro Corp
NVS,Novartis Ag ADR
NVST,Envista Holdings Corp
NVT,Nvent Electric Plc
NVTA,Invitae Corp
NWG,Natwest Group Plc ADR
NWN,Northwest Natural Gas Company
NX,Quanex Building Products Corp
NXC,Nuveen California Tax-Free Income
NXDT,Nexpoint Diversified Real Estate Trust
NXE,Nexgen Energy Ltd
NXJ,Nuveen New Jersey Divadv Fund
NXN,Nuveen Insured New York Tax-Free
NXP,Nuveen Tax Free Income Portfolio
NXRT,Nexpoint Residential Trust Inc
NYC,New York City REIT Inc Cl A
NYCB,New York Community Bancorp
NYT,New York Times Company
NZF,Nuveen Divadv Fund 3
O,Realty Income Corp
OC,Owens Corning Inc
OCFT,Oneconnect Financial Technology Co. Ltd America
OCN,Ocwen Financial Corp
ODC,Oil-Dri Corp of America
ODV,Osisko Dev Corp
OEC,Orion Engineered Carbons S.A R
OFC,Corporate Office Properties
OFG,Ofg Bancorp
OG,Onion Global Ltd ADR
OGE,Oge Energy Corp
OGN,Organon & CO
OGS,One Gas Inc
OHI,Omega Healthcare Investors
OI,O-I Glass Inc
OIA,Invesco Muni Income Trust
OII,Oceaneering International
OIS,Oil States International
OKE,Oneok Inc
OLN,Olin Corp
OLO,Olo Inc Cl A
OLP,One Liberty Properties
OMC,Omnicom Group Inc
OMF,Onemain Holdings Inc
OMI,Owens & Minor
ONL,Orion Office REIT Inc
ONON,On Holding Ag Cl A
ONTF,On24 Inc
ONTO,Onto Innovation Inc
OOMA,Ooma Inc
OPA,Magnum Opus Acquisition Cl A
OPAD,Offerpad Solutions Inc
OPFI,Oppfi Inc
OPP,Doubleline Strategic Opportunity Fund
OPY,Oppenheimer Holdings
OR,Osisko Gold Royalties Ltd
ORA,Ormat Technologies
ORAN,Orange ADR
ORC,Orchid Island Capital Inc
ORCC,Owl Rock Capital Corp
ORCL,Oracle Corp
ORI,Old Republic International Corp
ORN,Orion Group Holdings Inc
OSCR,Oscar Health Inc Cl A
OSG,Overseas Shipholding Group Inc
OSH,Oak Street Health Inc
OSI,Osiris Acquisition Corp Cl A
OSK,Oshkosh Truck Corp
OTIS,Otis Worldwide Corp
OUST,Ouster Inc
OUT,Outfront Media Inc
OVV,Ovintiv Inc
OWL,Blue Owl Capital Inc
OWLT,Owlet Inc
OXM,Oxford Industries
OXY,Occidental Petroleum Corp
PAC,Grupo Aeroportuario Del Pacifico ADR
PACI,Proof Acquisition Corp I Cl A
PACK,Ranpak Holdings Corp
PAG,Penske Automotive Group
PAGS,Pagseguro Digital Ltd Cl A
PAI,Pacific American Income Shares
PAM,Pampa Energia S.A. ADR
PAR,Par Technology Corp
PARR,Par Petroleum Corp
PATH,Uipath Inc Cl A
PAXS,Pimco Access Income Fund
PAY,Paymentus Holdings Inc Cl A
PAYC,Paycom Software Inc
PB,Prosperity Bancshares
PBA,Pembina Pipeline Cor
PBF,PBF Energy Inc
PBFX,PBF Logistics LP
PBH,Prestige Brand Holdings
PBI,Pitney Bowes Inc
PBR,Petroleo Brasileiro S.A. Petrobras ADR
PBT,Permian Basin Royalty Trust
PCF,Putnam High Income Bond Fund
PCG,Pacific Gas & Electric Company
PCGU,PG&E Corp
PCK,Pimco California Muni II
PCM,Pimco Commercial Mortgage Securities
PCN,Pimco Corporate
PCOR,Procore Technologies Inc
PCPC,Periphas Capital Partnering Corp Cl A
PCQ,Pimco California Muni
PD,Pagerduty Inc
PDI,Pimco Dynamic Income Fund
PDM,Piedmont Office Realty Trust
PDO,Pimco Dynamic Income Opportunities Fund
PDOT,Peridot Acquisition Corp II Cl A
PDS,Precision Drilling Corp
PDT,John Hancock Premium Dividend Fund
PEAK,Healthpeak Properties Inc
PEB,Pebblebrook Hotel Trust
PEG,Public Service Enterprise Group Inc
PEI,Pennsylvania Real Estate Investment
PEN,Penumbra Inc
PEO,Adams Natural Resources Fund Inc
PFD,Flaherty & Crumrine Preferred Inc
PFE,Pfizer Inc
PFGC,Performance Food Group Company
PFH,Prudential Financial Inc 4.125% Junior
PFL,Pimco Income Strategy Fund
PFLT,Pennantpark Fltng Rt
PFN,Pimco Income Strategy Fund II
PFO,Flaherty & Crumrine Preferred Fund
PFS,Provident Financial Services
PFSI,Pennymac Financial Services IN
PG,Procter & Gamble Company
PGP,Pimco Global Stocksplus & Income
PGR,Progressive Corp
PGRE,Paramount Group Inc
PGRU,Propertyguru Group Ltd
PGSS,Pegasus Digital Mobility Acquisition Corp Cl A
PGTI,Pgt Inc
PGZ,Principal Real Estate Income F
PH,Parker-Hannifin Corp
PHD,Pioneer Floating Rate Fund
PHG,Koninklijke Philips Electronics ADR
PHI,Philippine Long Distance Telephone ADR
PHK,Pimco High Income Fund
PHM,Pultegroup
PHR,Phreesia Inc
PHT,Pioneer High Income Fund
PHX,Phx Minerals Inc
PHYT,Pyrophyte Acquisition Corp Cl A
PIAI,Prime Impact Acquisition I Cl A
PICC,Pivotal Investment Corp III Cl A
PII,Polaris Industries Inc
PIM,Putnam Master Intermediate Income
PINE,Alpine Income Property Trust Inc
PING,Ping Identity Holding Corp
PINS,Pinterest Inc
PIPP,Pine Island Acquisition Corp Cl A
PIPR,Piper Jaffray Companies
PJT,Pjt Partners Inc Cl A
PK,Park Hotels & Resorts Inc
PKE,Park Electrochemical Corp
PKG,Packaging Corp of America
PKI,Perkinelmer
PKX,Posco Holdings Inc ADR
PL,Planet Labs Pbc
PLD,Prologis Inc
PLNT,Planet Fitness
PLOW,Douglas Dynamics
PLTR,Palantir Technologies Inc Cl A
PLYM,Plymouth Industrial REIT Inc
PM,Philip Morris International Inc
PMF,Pimco Muni
PML,Pimco Muni II
PMM,Putnam Managed Muni Income Trust
PMO,Putnam Muni Opportunities Trust
PMT,Pennymac Mortgage Investment Trust
PMVC,Pmv Consumer Acquisition Corp Cl A
PMX,Pimco Muni Income Fund III
PNC,PNC Bank
PNF,Pimco New York Muni
PNI,Pimco New York Muni II
PNM,PNM Resources Inc
PNNT,Pennantpark Investme
PNR,Pentair Ltd
PNTM,Pontem Corp Cl A
PNW,Pinnacle West Capital Corp
POLY,Plantronics
POND,Angel Pond Holdings Corp Cl A
POR,Portland General Electric Company
PORT,Southport Acquisition Corp Cl A
POST,Post Holdings Inc
PPG,PPG Industries
PPL,PPL Corp
PPT,Putnam Premier Income Trust
PRA,Pro-Assurance Corp
PRBM,Parabellum Acquisition Corp Cl A
PRG,Prog Hldgs Inc
PRGO,Perrigo Company
PRH,Prudential Financial 5.950% Notes
PRI,Primerica Inc
PRLB,Proto Labs Inc
PRM,Perimeter Solutions Sa
PRMW,Primo Water Corp
PRO,Pros Holdings
PRPC,CC Neuberger Principal Holdings III Cl A
PRS,Prudential Financial Inc 5.625% Junior
PRT,Permrock Royalty Trust Trust Units
PRTY,Party City Holdco Inc
PRU,Prudential Financial Inc
PSA,Public Storage
PSF,Cohen & Steers Preferred Fund
PSFE,Paysafe Ltd
PSN,Parsons Corp
PSO,Pearson Plc ADR
PSPC,Post Holdings Partnering Corp Series A
PSTG,Pure Storage Inc
PSTL,Postal Realty Trust Cl A
PSX,Phillips 66
PTA,Cohen & Steers Tax-Advantaged Preferred Securiti
PTR,Petrochina Company Ltd ADR
PTY,Pimco Corporate Opportunity Fund
PUK,Prudential Public Ltd Company ADR
PUMP,Propetro Holding Corp
PV,Primavera Capital Acquisition Corp Cl A
PVH,Phillips-Van Heusen Corp
PVL,Permianville Royalty Trust
PWR,Quanta Services
PWSC,Powerschool Holdings Inc Cl A
PX,P10 Inc Cl A
PXD,Pioneer Natural Resources Company
PYN,Pimco New York Muni Income Fund III
PYS,Pplus Trust
PYT,Pplus Trust
PZC,Pimco California Muni Income Fund III
PZN,Pzena Investment Management Inc
QBTS,D-Wave Quantum Inc
QD,Qudian Inc ADR
QFTA,Quantum Fintech Acquisition Corp
QGEN,Qiagen N.V.
QNGY,Quanergy Systems Inc
QS,Quantumscape Corp
QSR,Restaurant Brands International
QTWO,Q2 Holdings Inc
QUAD,Quad Graphics Inc
QUOT,Quotient Technology Inc
QVCC,Qvc Inc 6.250% Senior Secured Notes Due 2068
QVCD,Qvc Inc 6.375% Senior Secured Notes Due 2067
R,Ryder System
RA,Brookfield Real Assets Income Fund Inc
RAAS,Cloopen Group Holding Ltd ADR
RACE,Ferrari N.V.
RAD,Rite Aid Corp
RAMP,Liveramp Holdings Inc
RBA,Ritchie Bros. Auctioneers Inc
RBAC,Redball Acquisition Corp Cl A
RBLX,Roblox Corp Cl A
RBOT,Vicarious Surgical Inc
RBT,Rubicon Technologies Cl A
RC,Ready Capital Corp
RCA,Ready Capital Corp 7.00%
RCB,Ready Capital Corp 6.20% Senior Notes Due
RCC,Ready Capital Corp 5.75%
RCFA,Rcf Acquisition Corp Cl A
RCI,Rogers Communication
RCL,Royal Caribbean Cruises Ltd
RCS,Rcm Strategic Global Government Fund
RCUS,Arcus Biosciences Inc
RDN,Radian Group Inc
RDW,Redwire Corp
RDY,Dr. Reddy's Laboratories Ltd ADR
RE,Everest Re Group
RELX,Relx Plc ADR
RENN,Renren Inc ADR
RERE,Aihuishou International Co. Ltd ADR
RES,RPC Inc
REV,Revlon Inc
REVG,Rev Group Inc
REX,Rex American Resources Corp
REXR,Rexford Industrial Realty Inc
REZI,Resideo Technologies Inc
RF,Regions Financial Corp
RFI,Cohen & Steers Total Return Realty Fund
RFL,Rafael Holdings Inc
RFM,Rivernorth Flexible Municipal Income Fund Inc
RFMZ,Rivernorth Flexible Municipal Income Fund II Inc
RFP,Resolute Forest Products Inc
RGA,Reinsurance Group of America Inc
RGR,Sturm Ruger & Company
RGS,Regis Corp
RGT,Royce Global Value Trust Inc
RH,Rh Common Stock
RHI,Robert Half International Inc
RHP,Ryman Hospitality Properties REIT
RIG,Transocean Inc
RIO,Rio Tinto Plc ADR
RITM,Rithm Capital Corp
RIV,Rivernorth Opportunities Fund
RJAC,Jackson Acquisition Company Cl A
RJF,Raymond James Financial
RKLY,Rockley Photonics Holdings Ltd
RKT,Rocket Companies Inc Cl A
RKTA,Rocket Internet Growth Opportunities Cl A
RL,Ralph Lauren Corp
RLI,Rli Corp
RLJ,Rlj Lodging Trust
RLTY,Cohen Real Estate Opt and Income Fund
RLX,Rlx Technology Inc ADR
RM,Regional Managment Corp
RMAX,Re/Max Holdings Inc
RMD,Resmed Inc
RMI,Rivernorth Opportunistic Municipal Income Fund
RMM,Rivernorth Managed Duration Municipal Income Fun
RMMZ,Rivernorth Managed Duration Municipal Income Fun
RMO,Romeo Power Inc
RMT,Royce Micro-Cap Trust
RNG,Ringcentral Inc
RNGR,Ranger Energy Services Inc Cl A
RNP,Cohen & Steers REIT and Preferred
RNR,Renaissancere Holdings Ltd
ROG,Rogers Corp
ROK,Rockwell Automation Inc
ROL,Rollins Inc
RONI,Rice Acquisition Corp II Cl A
ROP,Roper Industries
ROSS,Ross Acquisition Corp II Cl A
RPM,RPM International Inc
RPT,Ramco-Gershenson Properties Trust
RQI,Cohen & Steers Quality Income Realty Fund Inc
RRAC,Rigel Resource Acquisition Corp Cl A
RRC,Range Resources Corp
RRX,Regal Rexnord Corp
RS,Reliance Steel & Aluminum Company
RSF,Rivernorth Marketplace Lending Corp
RSG,Republic Services
RSI,Rush Street Interactive Inc
RSKD,Riskified Ltd Cl A
RTX,Raytheon Technologies Corp
RVLV,Revolve Group Inc
RVT,Royce Value Trust
RWT,Redwood Trust
RY,Royal Bank of Canada
RYAM,Rayonier Advanced Materials Inc
RYAN,Ryan Specialty Hldgs Inc
RYI,Ryerson Holding Corp
RYN,Rayonier Inc REIT
RZA,Reinsurance Group of America
RZB,Reinsurance Group of America
S,Sentinelone Inc Cl A
SA,Seabridge Gold
SAFE,Safehold Inc
SAH,Sonic Automotive
SAIC,Science Applications International
SAIL,Sailpoint Technologies Holdings Inc
SAM,Boston Beer Company
SAN,Banco Santander ADR
SAND,Sandstorm Gold Ltd
SAP,SAP Ag ADR
SAR,Saratoga Investment Corp
SAT,Saratoga Investment Corp 6.00%
SAVE,Spirit Airlines Inc
SB,Safe Bulkers Inc
SBBA,Scorpio Tankers Inc 7.00% Senior Notes Due 2025
SBH,Sally Beauty Holdings
SBI,Western Asset Intermediate Fund Inc
SBII,Sandbridge X2 Corp Cl A
SBOW,Silverbow Resources Inc
SBR,Sabine Royalty Trust
SBS,Cia DE Saneamento Basico Do Estado ADR
SBSW,Sibanye Gold Ltd ADR
SCCO,Southern Copper Corp
SCD,Lmp Capital and Income Fund Inc
SCHW,The Charles Schwab Corp
SCI,Service Corp International
SCL,Stepan Company
SCM,Stellus Capital Investment Cor
SCS,Steelcase Inc
SCU,Sculptor Capital Management Inc
SCUA,Sculptor Acquisition Corp I Cl A
SCX,L.S. Starrett Company
SD,Sandridge Energy Inc
SDHY,PGIM Short Duration High Yield Opportunities Fun
SE,Sea Ltd ADR
SEAS,Seaworld Entertainment Inc Company
SEDA,Sdcl Edge Acquisition Corp Cl A
SEE,Sealed Air Corp
SEM,Select Medical Holdings Corp
SEMR,Semrush Holdings Inc Cl A
SES,Ses Ai Corp
SF,Stifel Financial Corp
SFB,Stifel Financial Corp 5.20% Senior Notes
SFBS,Servisfirst Bancs
SFE,Safeguard Scientifics
SFL,Ship Finance International
SG,Sweetgreen Inc Cl A
SGFY,Signify Health Inc Cl A
SGHC,Super Group [Sghc] Ltd
SGU,Star Gas Partners LP
SHAK,Shake Shack Inc
SHAP,Spree Acquisition Corp 1 Cl A
SHEL,Royal Dutch Shell Plc ADR
SHG,Shinhan Financial Group Co. Ltd ADR
SHI,Sinopec Shangai Petrochemical Company Ltd ADR
SHLX,Shell Midstream Partners LP
SHO,Sunstone Hotel Investors
SHOP,Shopify Inc
SHPW,Shapeways Hldgs Inc
SHW,Sherwin-Williams Company
SI,Silvergate Capital Corp Cl A
SID,Companhia Siderurgica Nacional ADR
SIG,Signet Jewelers Ltd
SII,Sprott Inc
SIRE,Sisecam Resources LP
SITC,Site Centers Corp
SITE,Siteone Landscape Supply
SIX,Six Flags Entertainment Corp
SJI,South Jersey Industries
SJIJ,South Jersey Industries Inc 5.625% Junior
SJIV,South Jersey Industries Inc
SJM,J.M. Smucker Company
SJR,Shaw Communications Inc
SJT,San Juan Basin Royalty Trust
SJW,SJW Corp
SKE,Skeena Resources Ltd
SKIL,Skillsoft Corp
SKLZ,Skillz Inc
SKM,Sk Telecom Corp ADR
SKT,Tanger Factory Outlet Centers
SKX,Skechers U.S.A.
SKY,Skyline Corp
SLAC,Social Leverage Acquisition Corp I Cl A
SLB,Schlumberger N.V.
SLCA,U.S. Silica Holdings Inc
SLF,Sun Life Financial Inc
SLG,SL Green Realty Corp
SLGN,Silgan Holdings
SLQT,Selectquote Inc
SLVM,Sylvamo Corp
SM,Sm Energy Company
SMAR,Smartsheet Inc Cl A
SMFG,Sumitomo Mitsui Financial Group Inc ADR
SMG,Scotts Miracle-Gro Company
SMHI,Seacor Marine Holdings Inc
SMLP,Summit Midstream Partners LP
SMM,Salient Midstream & MLP Fund
SMP,Standard Motor Products
SMR,Nuscale Power Corp
SMRT,Smartrent Inc
SMWB,Similarweb Ltd
SNA,Snap-On Inc
SNAP,Snap Inc
SNDA,Sonida Senior Living Inc
SNDR,Schneider National Inc
SNN,Smith & Nephew Snats ADR
SNOW,Snowflake Inc Cl A
SNP,China Petroleum & Chemical Corp ADR
SNV,Synovus Financial Corp
SNX,Synnex Corp
SO,Southern Company
SOI,Solaris Oilfield Infrastructure Inc Cl A
SOJC,Southern Company Series 2017B 5.25% Junior
SOJD,Southern Company Series 2020A 4.95% Junior
SOJE,Southern Company Series 2020C 4.20%
SOL,Renesola Ltd ADR
SON,Sonoco Products Company
SONX,Sonendo Inc
SONY,Sony Group Corp ADR
SOR,Source Capital
SOS,Sos Ltd ADR
SPB,Spectrum Brands Holdings Inc
SPCE,Virgin Galactic Holdings Inc
SPE,Special Opportunities Fund Inc
SPG,Simon Property Group
SPGI,S&P Global Inc
SPGS,Simon Property Group Acquisition Cl A
SPH,Suburban Propane Partners LP
SPIR,Spire Global Inc
SPLP,Steel Partners Hlds
SPNT,Siriuspoint Ltd
SPOT,Spotify Technology S.A.
SPR,Spirit Aerosystems Holdings
SPXC,SPX Corp
SPXX,Nuveen Equity Premium and Growth Fund
SQ,Block Inc
SQM,Sociedad Quimica Y Minera S.A. ADR
SQNS,Sequans Communications S A ADR
SQSP,Squarespace Inc Cl A
SQZ,Sqz Biotechnologies Company
SR,Spire Inc
SRC,Spirit Realty Capital Inc
SRE,Sempra
SREA,Sempra Energy 5.750% Junior
SRG,Seritage Growth Properties
SRI,Stoneridge Inc
SRL,Scully Royalty Ltd
SRLP,Sprague Resources LP
SRT,Startek Inc
SRV,The Cushing MLP Total Return Fund
SSD,Simpson Manufacturing Company
SSL,Sasol Ltd ADR
SST,System1 Inc
SSTK,Shutterstock Inc
SSU,Signa Sports United N.V.
ST,Sensata Technologies Holding N.V.
STAG,Stag Industrial Inc
STAR,Istar Financial Inc
STC,Stewart Information Services Corp
STE,Steris Corp
STEM,Stem Inc
STET,ST Energy Transition I Cl A
STEW,Srh Total Return Fund Inc
STG,Sunlands Online Education Group ADR
STK,Columbia Seligman Premium Technology
STLA,Stellantis N.V.
STM,Stmicroelectronics N.V. ADR
STN,Stantec Inc
STNG,Scorpio Tankers Inc
STON,Stonemor Partners LP
STOR,Store Capital Corp
STR,Sitio Royalties Corp
STRE,Supernova Partners Acquisition III
STRY,Starry Group Holdings Inc Cl A
STT,State Street Corp
STVN,Stevanato Group S.P.A.
STWD,Starwood Property Trust
STZ,Constellation Brands Inc
SU,Suncor Energy Inc
SUAC,Shoulderup Technology Acquisition Corp Cl A
SUI,Sun Communities
SUM,Summit Materials Inc
SUN,Sunoco LP
SUNL,Sunlight Financial Hldgs Inc
SUP,Superior Industries International
SUPV,Grupo Supervielle S.A. ADR
SUZ,Suzano Papel E Celul ADR
SWCH,Switch Inc
SWI,Solarwinds Corp
SWK,Stanley Black & Decker Inc
SWN,Southwestern Energy Company
SWT,Stanley Black & Decker Inc
SWX,Southwest Gas Corp
SWZ,Swiss Helvetia Fund
SXC,Suncoke Energy Inc
SXI,Standex International Corp
SXT,Sensient Technologies Corp
SYF,Synchrony Financial
SYK,Stryker Corp
SYY,Sysco Corp
SZC,The Cushing Renaissance Fund
T,AT&T Inc
TAC,Transalta Corp
TAK,Takeda Pharmaceutical Co. Ltd ADR
TAL,Tal Education Group ADR
TALO,Talos Energy Inc
TAP,Molson Coors Brewing Company
TARO,Taro Pharm Inds
TBB,AT&T Inc 5.350% Global Notes Due 2066
TBC,AT&T Inc 5.625% Global Notes Due 2067
TBI,Trueblue Inc
TCI,Transcontinental Realty Investors
TCN,Tricon Residential Inc
TCOA,Trajectory Alpha Acquisition Corp Cl A
TCS,The Container Store Group Inc
TD,Toronto Dominion Bank
TDC,Teradata Corp
TDCX,Tdcx Inc ADR
TDF,Templeton Dragon Fund
TDG,Transdigm Group Inc
TDOC,Teladoc Health Inc
TDS,Telephone and Data Systems
TDW,Tidewater Inc
TDY,Teledyne Technologies Inc
TEAF,Ecofin Sustainable and Social Impact Term Fund
TECK,Teck Resources Ltd
TEF,Telefonica S.A. ADR
TEI,Templeton Emerging Markets
TEL,Te Connectivity Ltd
TEN,Tenneco Automotive
TEO,Telecom Argentina Stet France Telecom ADR
TEVA,Teva Pharmaceutical Industries Ltd ADR
TEX,Terex Corp
TFC,Truist Financial Corp
TFII,Tfi International Inc
TFSA,Terra Income Fund Vi 7.00% Notes Due 2026
TFX,Teleflex Inc
TG,Tredegar Corp
TGH,Textainer Group Holdings
TGI,Triumph Group
TGLS,Tecnoglass Inc
TGNA,Tegna Inc
TGR,Kimbell Tiger Acquisition Corp Cl A
TGS,Transportadora DE Gas Sa Ord B ADR
TGT,Target Corp
THC,Tenet Healthcare Corp
THG,The Hanover Insurance Group
THO,Thor Industries
THQ,Tekla Healthcare Opportunities
THR,Thermon Group Holdings Inc
THS,Treehouse Foods
THW,Tekla World Healthcare Fund
TIMB,Tim S.A. ADR
TINV,Tiga Acquisition Corp Cl A
TISI,Team Inc
TIXT,Telus International [Cda] Inc Subordinate Voting
TJX,TJX Companies
TK,Teekay Shipping Corp
TKC,Turkcell Iletisim Hizmetleri As ADR
TKR,Timken Company
TLGA,Tlg Acquisition One Corp Cl A
TLK,P.T. Telekomunikasi Indonesia Tbk ADR
TLYS,Tilly's Inc
TM,Toyota Motor Corp Ltd Ord ADR
TMAC,The Music Acquisition Corp Cl A
TME,Tencent Music Entertainment ADR
TMHC,Taylor Morrison Home Corp
TMO,Thermo Fisher Scientific Inc
TMST,Timken Steel Corp
TMX,Terminix Global Hldgs Inc
TNC,Tennant Company
TNET,Trinet Group Inc
TNK,Teekay Tankers Ltd
TNL,Travel + Leisure Co.
TNP,Tsakos Energy Navigation Ltd
TOL,Toll Brothers Inc
TOST,Toast Inc Cl A
TPB,Turning Point Brands
TPC,Tutor Perini Corp
TPGY,Tpg Pace Beneficial Finance Corp Cl A
TPH,Tri Pointe Homes Inc
TPL,Texas Pacific Land Trust
TPR,Tapestry Inc
TPTA,Terra Property Trust 6.00% Notes
TPVG,Triplepoint Venture Growth Bdc
TPX,Tempur-Pedic International Inc
TPZ,Tortoise Power and Energy
TR,Tootsie Roll Industries
TRAQ,Trine II Acquisition Corp Cl A
TRC,Tejon Ranch Company
TRCA,Twin Ridge Capital Acquisition Corp Cl A
TREX,Trex Company
TRGP,Targa Resources
TRI,Thomson Reuters Corp
TRIS,Tristar Acquisition I Corp Cl A
TRN,Trinity Industries
TRNO,Terreno Realty Corp
TROX,Tronox Inc
TRP,Tc Energy Corp
TRQ,Turquoise Hill Resources Ltd
TRTL,Tortoiseecofin Acquisition III Cl A
TRTN,Triton International Ltd
TRTX,Tpg Re Finance Trust Inc
TRU,Transunion
TRV,The Travelers Companies Inc
TS,Tenaris S.A. ADR
TSE,Trinseo S.A.
TSI,Tcw Strategic
TSLX,Tpg Specialty Lending Inc
TSM,Taiwan Semiconductor ADR
TSN,Tyson Foods
TSPQ,Tcw Special Purpose Acquisition Corp Cl A
TSQ,Townsquare Media Llc
TT,Trane Technologies Plc
TTC,Toro Company
TTE,Totalenergies Se ADR
TTI,Tetra Technologies
TTM,Tata Motors Ltd ADR
TTP,Tortoise Pipeline & Energy Fund
TU,Telus Corp
TUFN,Tufin Software Technologies Ltd
TUP,Tupperware Corp
TUYA,Tuya Inc ADR
TV,Grupo Televisa S.A. ADR
TVC,Tennessee Valley Authority
TVE,Tennessee Valley Authority
TWI,Titan International
TWLO,Twilio
TWN,Taiwan Fund
TWND,Tailwind Acquisition Corp Cl A
TWNI,Tailwind International Acquisition Corp Cl A
TWO,Two Harbors Invt Corp
TWOA,Two Cl A
TWTR,Twitter Inc
TX,Ternium S.A. ADR
TXT,Textron Inc
TY,Tri Continental Corp
TYG,Tortoise Energy Infrastructure Corp
TYL,Tyler Technologies
U,Unity Software Inc
UA,Under Armour Inc Cl C
UAA,Under Armour
UAN,Cvr Partners LP
UBA,Urstadt Biddle Properties Inc
UBER,Uber Technologies Inc
UBP,Urstadt Biddle Properties Inc
UBS,UBS Group Ag ADR
UDR,United Dominion Realty Trust
UE,Urban Edge Properties
UFI,Unifi Inc
UGI,Ugi Corp
UGIC,Ugi Corp
UGP,Ultrapar Participacoes S.A. ADR
UHS,Universal Health Services
UHT,Universal Health Realty Income Trust
UI,Ubiquiti Networks
UIS,Unisys Corp
UL,Unilever Plc ADR
UMC,United Microelectronics Corp ADR
UMH,Umh Properties
UNF,Unifirst Corp
UNFI,United Nat Foods
UNH,Unitedhealth Group Inc
UNM,Unumprovident Corp
UNMA,Unum Group 6.250% Junior
UNP,Union Pacific Corp
UNVR,Univar Inc
UP,Wheels Up Experience Inc
UPH,Uphealth Inc
UPS,United Parcel Service
URI,United Rentals
USA,Liberty All-Star Equity Fund
USAC,USA Compression Partners LP
USB,U.S. Bancorp
USDP,USD Partners LP
USER,Usertesting Inc
USFD,US Foods Holding
USM,United States Cellular Corp
USNA,Usana Health Sciences Inc
USPH,U.S. Physical Therapy
USX,U.S. Xpress Enterprises Inc Cl A
UTF,Cohen & Steers Infrastructure Fund
UTI,Universal Technical Institute Inc
UTL,Unitil Corp
UTZ,Utz Brands Inc
UVE,Universal Insurance Holdings Inc
UVV,Universal Corp
UWMC,Uwm Hldg Corp
UZD,United States Cellular Corp 6.250% Senior
UZE,United States Cellular Corp
UZF,United States Cellular Corp 5.500%
V,Visa Inc
VAC,Marriot Vacations Worldwide Cor
VAL,Valaris Ltd
VALE,Vale S.A. ADR
VAPO,Vapotherm Inc
VATE,Innovate Corp
VBF,Invesco Van Kampen Bond Fund
VCIF,Vertical Capital Income Fund
VCV,Invesco California Value Muni Income Trust
VCXB,10X Capital Venture Acquisition III Cl A
VEEV,Veeva Systems Inc
VEL,Velocity Financial Inc
VET,Vermilion Energy Inc
VFC,V.F. Corp
VGI,Virtus Global Multi-Sector Inc
VGM,Invesco Trust For Investment Grade Municipals
VGR,Vector Group Ltd
VHC,Virnetx Holding Corp
VHI,Valhi Inc
VIAO,Via Optronics Ag ADR
VICI,Vici Properties Inc
VIPS,Vipshop Holdings Ltd ADR
VIST,Vista Energy S.A.B. DE C.V. ADR
VIV,Telecomunicacoes DE Sao Paulo ADR
VKQ,Invesco Muni Trust
VLD,Velo3D Inc
VLN,Valens Semiconductor Ltd
VLO,Valero Energy Corp
VLRS,Controladora Vuela Compaia DE ADR
VLT,Invesco High
VLTA,Volta Inc
VMC,Vulcan Materials Company
VMI,Valmont Industries
VMO,Invesco Muni Opportunity Trust
VMW,Vmware Inc
VNCE,Vince Holding Corp
VNO,Vornado Realty Trust
VNT,Vontier Corp
VNTR,Venator Materials Plc
VOC,Voc Energy Trust
VOYA,VOYA Financial Inc
VPG,Vishay Precision Group
VPV,Invesco Pennsylvania Muni
VRE,Veris Residential Inc
VRT,Vertiv Holdings Llc.
VRTV,Veritiv Corp
VSCO,Victorias Secret & CO
VSH,Vishay Intertechnology
VST,Vistra Energy Corp
VSTO,Vista Outdoor Inc
VTEX,Vtex Cl A
VTN,Invesco Trust New York Muni
VTOL,Bristow Group Inc
VTR,Ventas Inc
VVI,Viad Corp
VVNT,Vivint Smart Home Inc
VVR,Invesco Senior Income Trust
VVV,Valvoline Inc
VVX,V2X Inc
VYGG,Vy Global Growth Cl A
VZ,Verizon Communications Inc
VZIO,Vizio Holding Corp Cl A
W,Wayfair Inc
WAB,Wabtec Corp
WAL,Western Alliance Bancorp
WARR,Warrior Technologies Acquisition Cl A
WAT,Waters Corp
WAVC,Waverley Capital Acquisition Corp 1 Cl A
WBS,Webster Financial Corp
WBX,Wallbox N.V. Cl A
WCC,Wesco International
WCN,Waste Connections Inc
WD,Walker & Dunlop
WDH,Waterdrop Inc ADR
WDI,Western Asset Diversified Income Fund
WDS,Woodside Energy Group Ltd
WE,Wework Inc
WEA,Western Asset Bond Fund
WEAV,Weave Communications Inc
WEBR,Weber Inc Cl A
WEC,Wisconsin Energy Corp
WEL,Integrated Wellness Acquisition Cl A
WELL,Welltower Inc
WES,Western Midstream Partners LP
WEX,Wex Inc
WF,Woori Finance Holdings Co. Ltd ADR
WFC,Wells Fargo & Company
WFG,West Fraser Timber L
WGO,Winnebago Industries
WH,Wyndham Hotels & Resorts Inc
WHD,Cactus Inc Cl A
WHG,Westwood Holdings Group Inc
WHR,Whirlpool Corp
WIA,U.S. Treasury Inflation Prot Secs Fd
WIT,Wipro Ltd ADR
WIW,U.S Treasury Inflation Prot Secs Fd 2
WK,Workiva Llc
WLK,Westlake Corp
WLKP,Westlake Chemical Partners LP
WLY,John Wiley Sons Cl A
WLYB,John Wiley Sons Cl B
WM,Waste Management
WMB,Williams Companies
WMC,Western Asset Mortgage Capital
WMK,Weis Markets
WMS,Advanced Drainage Systems Inc
WMT,Walmart Inc
WNC,Wabash National Corp
WNNR,Andretti Acquisition Corp Cl A
WNS,Wns Ltd ADR
WOLF,Wolfspeed Inc
WOR,Worthington Industries
WOW,Wideopenwest Inc
WPC,W.P. Carey & Co. Llc
WPCA,Warburg Pincus Capital Corp IA Cl A
WPCB,Warburg Pincus Capital Corp Ib Cl A
WPM,Wheaton Precious Metals
WPP,Wpp Plc ADR
WQGA,World Quantum Growth Acquisition Corp Cl A
WRAC,Williams Rowland Acquisition Corp
WRB,W.R. Berkley Corp
WRBY,Warby Parker Inc Cl A
WRE,Washington Real Estate Investment
WRK,Westrock Company
WSM,Williams-Sonoma
WSO,Watsco Inc
WSR,Whitestone REIT
WST,West Pharmaceutical Services
WTI,W&T Offshore
WTM,White Mountains Insurance Group
WTRG,Essential Utilities Inc
WTS,Watts Water Technologies
WTTR,Select Energy Services Inc
WU,Western Union Company
WWE,World Wrestling Entertainment
WWW,Wolverine World Wide
WY,Weyerhaeuser Company
X,United States Steel Corp
XFLT,Xai Octagon Floating Alt Income Term Trust Compa
XHR,Xenia Hotels & Resorts Inc
XIN,Xinyuan Real Estate Co. Ltd ADR
XL,XL Fleet Corp
XOM,Exxon Mobil Corp
XPEV,Xpeng Inc ADR
XPO,Xpo Logistics Inc
XPOA,Dpcm Capital Inc Cl A
XPOF,Xponential Fitness Inc Cl A
XPRO,Expro Group Hldgs N.V.
XYF,X Financial ADR
XYL,Xylem Inc
Y,Alleghany Corp
YALA,Yalla Group Ltd ADR
YELP,Yelp Inc
YETI,Yeti Holdings Inc
YEXT,Yext Inc
YMM,Full Truck Alliance Co. Ltd ADR
YOU,Clear Secure Inc Cl A
YPF,Ypf Sociedad Anonima ADR
YRD,Yirendai Ltd ADR
YSG,Yatsen Holding Ltd ADR
YTPG,Tpg Pace Beneficial II Corp Cl A
YUM,Yum! Brands
YUMC,Yum China Holdings Inc
ZBH,Zimmer Biomet Holdings
ZEN,Zendesk Inc
ZEPP,Zepp Health Corp ADR
ZETA,Zeta Global Holdings Corp Cl A
ZEV,Lightning Emotors Inc
ZGN,Ermenegildo Zegna N.V.
ZH,Zhihu Inc ADR
ZIM,Zim Integrated Shipping Services Ltd
ZIP,Ziprecruiter Inc Cl A
ZNH,China Southern Airlines Company ADR
ZTO,Zto Express Cayman Inc ADR
ZTR,Virtus Global Divd & Income Fund
ZTS,Zoetis Inc Cl A
ZUO,Zuora Inc
ZVIA,Zevia Pbc Cl A
ZWS,Zurn Elkay Water Solutions Corp
ZYME,Zymeworks Inc
